track_name,artist,danceability,energy,loudness,speechiness,acousticness,instrumentalness,liveness,valence,tempo,popularity
Song 0,Artist 39,0.6873302619820725,0.5130900892153117,-11.681852677061183,0.09856822470334471,0.6748656879928197,0.35549227939321154,0.1881070309375565,0.31230633807954183,83.9293917310242,55
Song 1,Artist 29,0.2360441931477753,0.6015748320010431,-3.075094159619014,0.1514198276067711,0.371407793475057,0.22043835137558673,0.2367370469300352,0.6560361311431836,91.73661800006289,74
Song 2,Artist 15,0.9118592986935394,0.8745688161016606,-7.424703635881098,0.4655924157673169,0.5814865575045567,0.49763164989679504,0.37074995429757396,0.6263531772455444,120.42563778142633,83
Song 3,Artist 43,0.8650102904735357,0.5815627470402928,-5.292994026684948,0.3444714922814506,0.5818050811121462,0.7939538314998232,0.2237953967676638,0.3822933158119059,68.1730829668227,76
Song 4,Artist 8,0.3956702175062855,0.2660165842769705,-4.645522238664395,0.2581029625663455,0.799235157924106,0.30905853846117276,0.31482722082154496,0.8888865601833186,86.18091955119279,88
Song 5,Artist 21,0.21147840521778857,0.36963632058982937,-9.903102362139645,0.02610314719370889,0.5388231620871876,0.4590730032836107,0.13341775058713018,0.8181329783661878,172.24537935685407,80
Song 6,Artist 39,0.9000772310596122,0.3789432336417498,-9.133989532734233,0.4963593922349457,0.4519382489657882,0.3324831167258684,0.3198970917367241,0.290385163985319,115.93395511901868,21
Song 7,Artist 19,0.5757799129364445,0.4575863039118381,-9.720082643825501,0.34229836874942876,0.1249841937568653,0.6778173341774876,0.4376811682521021,0.3032711636193447,113.44638311734467,74
Song 8,Artist 23,0.6045330863000469,0.4841100148030745,-8.238832438198415,0.17212278912557358,0.10416384601083482,0.7217891227697906,0.44088783792054154,0.5354552948540185,61.74805857015347,99
Song 9,Artist 11,0.7129728270486058,0.8198038198668425,-19.412111084869853,0.44204895679896233,0.13888940875477146,0.701884489764208,0.3759549828482929,0.7575362864711123,89.6879696470015,57
Song 10,Artist 11,0.6618883732924354,0.41444829914439973,-12.089696603019695,0.1440471777400727,0.15466363319438506,0.7794977909434061,0.3855890205842567,0.13743432248019474,163.95509231786176,99
Song 11,Artist 24,0.9079187034205679,0.5214086455972414,-7.87622572877657,0.2811279580077208,0.5740893833972706,0.022015348112332234,0.30106735031781534,0.6893348806745007,79.75541139104025,97
Song 12,Artist 36,0.9081886978438756,0.6624783883459471,-8.045528694882712,0.32531396659031603,0.6668831252471207,0.6718529297164249,0.31310064057462117,0.6510005127747824,109.81499274416653,48
Song 13,Artist 40,0.8503992001662528,0.4399533526961524,-4.140878107887369,0.12611041829778966,0.47699237063377686,0.6014177384312747,0.1101427616347331,0.29675808152604,61.71970870404015,45
Song 14,Artist 24,0.6773026980845085,0.8529083319630997,-6.899813223357829,0.48963069382428603,0.746115959290942,0.18295552752029184,0.24973663478958552,0.6791500612551464,117.4002578004667,54
Song 15,Artist 3,0.8007119710117998,0.6287082438106669,-0.15733367318655267,0.3791321148699188,0.8921369040602699,0.7650560747100221,0.2528493277488637,0.8991557125642702,62.52253280714606,98
Song 16,Artist 22,0.7078762567872363,0.3646402112988744,-14.3229094278271,0.28775034824531354,0.7380113662074205,0.11854234258395638,0.4813240260504831,0.13976796822600324,158.353146367896,86
Song 17,Artist 2,0.63002528125395,0.7426532798108454,-12.81697940667537,0.10668540712414441,0.6253941363083633,0.5436399417071267,0.24398908818048026,0.37170424699825316,158.98245209845243,48
Song 18,Artist 24,0.29637526492543265,0.5748829571303072,-12.323056962644074,0.04585193935905254,0.47924342949343196,0.17991217345273,0.29720419020624095,0.47245020916640196,154.52906259628438,53
Song 19,Artist 44,0.8084031325520022,0.5810103021315223,-10.68374385959503,0.17362871961007206,0.4039677645072374,0.34510451901925976,0.2899631296755961,0.8643713050859861,94.00368826693419,60
Song 20,Artist 30,0.8154796068079665,0.5329791535488274,-3.280038724375811,0.3815299212384333,0.07595314249008811,0.5753279175556552,0.33654277266994725,0.9179222296177831,160.46846618661817,60
Song 21,Artist 38,0.6694547525761796,0.5473107539391241,-15.284158120815803,0.14927902318497202,0.3594318735552219,0.45065971362643736,0.38670477409935317,0.47749795952188245,125.15977591263231,42
Song 22,Artist 2,0.8153201328284511,0.7888206529596166,-4.47999585929141,0.2789869858378424,0.8191211731039209,0.3420014650624894,0.15126884427689247,0.7375241503208625,104.85697306404029,90
Song 23,Artist 21,0.688613578893341,0.19268333139818397,-11.893796338285131,0.3694146448307567,0.7272203669158976,0.2610707447455898,0.2879259885942961,0.5519118701998106,135.03959516450797,22
Song 24,Artist 33,0.35501326990755905,0.40092653017943397,-7.96289232675983,0.07181298303030288,0.1944462285105185,0.6717277245670323,0.4216629682922137,0.5571154945301701,61.48092552724488,77
Song 25,Artist 12,0.40547084549085033,0.1679530274235003,-7.349189335473878,0.3489430477356192,0.4199470062274943,0.11505148025185097,0.25840162122688015,0.33638458780640296,77.15530531209026,51
Song 26,Artist 22,0.3609418397812806,0.7779215986727058,-12.543027256221311,0.06409802610082145,0.7350508823026901,0.3440823012238401,0.17530589586810785,0.2844128089842976,149.07522458043152,50
Song 27,Artist 44,0.4829443124209819,0.3450716692482695,-9.747695895883897,0.4832622762209583,0.06064609930697027,0.7230060574201138,0.3446190839103346,0.344804544035435,89.29939304593836,62
Song 28,Artist 25,0.22922234923267523,0.9076873688369959,-11.73937650704606,0.254429182431171,0.34865332710179336,0.6766796403679742,0.42069532810960536,0.5728788061685174,131.76109407944995,26
Song 29,Artist 49,0.6636904132534196,0.5739206199933644,-18.617344276267612,0.09232453170074115,0.7666571131865529,0.3207534099784374,0.07841313181732609,0.12478190811877565,106.21231233876355,20
Song 30,Artist 27,0.45241566116654486,0.820674794337509,-11.25669222366347,0.1843441452961023,0.3635080777531114,0.6104866908810467,0.3995557175332522,0.871161602702945,162.57669345591137,80
Song 31,Artist 42,0.6917919765355567,0.9810382920543651,-18.052132148928955,0.21843989566172548,0.06985318025829677,0.6585286645670875,0.41974156983279703,0.2328411531173098,174.28983671959722,33
Song 32,Artist 28,0.4890474657241738,0.8558099735109135,-11.89958401839357,0.3839288053167379,0.4882809316790263,0.7111099392029039,0.25768531741487305,0.28707537534067856,166.02776740442286,71
Song 33,Artist 16,0.7112102517295923,0.8802943840103712,-8.141632003364363,0.37684341731677246,0.7755682454264659,0.43560461523938243,0.4924875455683103,0.5405347499804993,92.4743993632316,25
Song 34,Artist 15,0.45546842709818003,0.46718604582836026,-8.411702013129984,0.31373144256191887,0.5312569886578438,0.16356870884376945,0.4040187533182891,0.7035975513866874,83.29954428552988,29
Song 35,Artist 47,0.3955208961769273,0.5965503357334058,-6.747574419833593,0.07084674202807661,0.20365119739280862,0.20424726120314532,0.3981481542030496,0.1813696965327377,116.9321872344882,90
Song 36,Artist 44,0.5720280907200547,0.32849970763897385,-18.094769840907475,0.09275329836208332,0.34581565812364323,0.23655573923328338,0.3865273584854323,0.37004049291508784,60.880098100341634,49
Song 37,Artist 3,0.7196677690189546,0.27650178972410755,-6.957535089391243,0.06500332190986718,0.40511102506373897,0.47504198464769243,0.1177736464482233,0.9233734147382036,63.09712714358181,40
Song 38,Artist 37,0.46125245333989806,0.5549570911954305,-13.757038866071058,0.297042935978024,0.5213397184384742,0.026247699302886753,0.14775389890385487,0.32299152176380386,126.39487675476,79
Song 39,Artist 7,0.9024861138917805,0.6355440817303786,-12.019081077257779,0.4410264519254739,0.6834159231773518,0.5088339750239746,0.2587955591589913,0.36609262330367487,122.45392849983432,93
Song 40,Artist 21,0.2293897450067347,0.4053441213065719,-2.8402749215458845,0.22822424588229046,0.08898625587657187,0.2914833907425856,0.16880195748175963,0.8110237170253285,179.3498386842312,82
Song 41,Artist 9,0.5134595237866841,0.6124991659871503,-19.819391917408996,0.09720712349971818,0.8006868297158097,0.23619344199171374,0.2368584375503182,0.14268226693688696,84.22102024365097,61
Song 42,Artist 39,0.9256854136401856,0.8987144342621527,-8.23174733318789,0.28786031607150414,0.011078732714468032,0.7035972565825012,0.4498088494653143,0.4949211934876252,90.97247149925622,70
Song 43,Artist 18,0.6109789124360655,0.6010494263050294,-8.025720397997848,0.40964106409554074,0.33304710120682973,0.36800191646463914,0.42094710134567115,0.4226742497839197,73.6248770791544,83
Song 44,Artist 4,0.517603206731089,0.748731786679456,-12.06680447312876,0.3760217895262064,0.024678278975391887,0.07604243642615423,0.333517945315992,0.3690987459223535,170.10516115844936,95
Song 45,Artist 25,0.6263902128124688,0.8247834706221147,-15.259442857833276,0.44309637424401027,0.35367680281076214,0.6613974144209976,0.4361541774129966,0.34284465493804983,153.3373493350141,75
Song 46,Artist 14,0.6319434314435635,0.9898559037598985,-15.306519234768977,0.15339300667945654,0.4732313389859914,0.03811300594920528,0.40269757505776216,0.17766798913134782,158.6806933748217,99
Song 47,Artist 9,0.7487358164747302,0.6428776619592816,-2.325806606784948,0.11309785628853193,0.46051324792336057,0.5813993793345573,0.24304321932840073,0.3676019549489015,168.33165455574104,60
Song 48,Artist 26,0.29576729706684923,0.8261651340663274,-11.15951252434285,0.4423119132521306,0.14906551232543883,0.6191249774165322,0.14047931842247532,0.1365945423083183,122.98799840710059,51
Song 49,Artist 2,0.38751233691207854,0.9663843866993872,-13.382212740216561,0.33562895013345106,0.581166459086051,0.28208208474308655,0.28139046800420264,0.76381928409777,114.14318297408684,34
Song 50,Artist 20,0.6354080092579324,0.9499687530195461,-11.02444852337194,0.169245886403626,0.0403006054542014,0.6598302850222294,0.38130299713784754,0.4384936248643099,99.64697683987399,81
Song 51,Artist 28,0.8503374554072916,0.22697366389994222,-6.612191970812773,0.3763270642748044,0.6857161381191739,0.41252752468516274,0.24638881942831686,0.47731825747192486,130.70575372174267,46
Song 52,Artist 47,0.6214000191078302,0.46575307744616984,-17.084868635104968,0.41125682455057655,0.8519799905941916,0.3706349226182375,0.3500473594027538,0.8595553984826119,114.5134076147787,47
Song 53,Artist 7,0.3789476448427551,0.3915910549961197,-11.011323295725246,0.31518955536374355,0.3057919444360061,0.03632262517495404,0.09244734183096963,0.6593467362820377,114.18787039266901,83
Song 54,Artist 44,0.7098835849251843,0.1782325134553144,-8.242312577792262,0.35018437274235925,0.46551544354289875,0.23202335491912474,0.38660213136713156,0.10685023784080183,172.43134364773667,78
Song 55,Artist 8,0.7549315703355309,0.6699166974198645,-1.028332902971325,0.20012475413247982,0.34101925025293295,0.7448079767082398,0.4157211289518779,0.9016985995170922,178.08378171349563,77
Song 56,Artist 47,0.37867711430298456,0.7623141518764021,-14.949444358491615,0.2785739203246588,0.006039351273653959,0.3134591706268,0.3680770351012435,0.30157279608105453,155.5781267195497,21
Song 57,Artist 35,0.48329666463222115,0.8633152859201951,-12.814985041675088,0.2715964019485579,0.34728705260560433,0.4373604164454147,0.4852686143868645,0.19147205704588002,150.8109708296314,55
Song 58,Artist 14,0.6007456051479225,0.21049920069643765,-12.412828201551525,0.4270629397427705,0.7125482333352119,0.42561734318740146,0.4219934258572882,0.7529089516237498,141.6669794134922,90
Song 59,Artist 17,0.5724208930123083,0.8887996682877645,-7.889236847102343,0.4231827105354476,0.5363899579651337,0.47234487185815466,0.4563921775444422,0.5254057184867105,79.92898228002164,32
Song 60,Artist 36,0.4922135646644026,0.6786330072528279,-12.865358939199966,0.41968662528658074,0.09113392315364303,0.049064764514626096,0.47010698755594166,0.46870498111531494,67.09269850507854,34
Song 61,Artist 40,0.42322638088198317,0.7335515216246585,-9.329761494006089,0.025295174845983582,0.7624255407244066,0.28974100383898266,0.4106065963432139,0.3120776177303305,142.88715781359159,79
Song 62,Artist 4,0.27498866537139754,0.9195616031862736,-4.364193403099412,0.37978183254506637,0.4779768103967186,0.5785026191060434,0.3534164789029246,0.5653507663829709,147.4543466707891,41
Song 63,Artist 2,0.2401139725605267,0.662285143938926,-5.892288117755928,0.3841646672532823,0.7575510255702085,0.16044820085838635,0.05257336161235518,0.3332269144221993,65.63675893177677,82
Song 64,Artist 6,0.9189061226623988,0.4022792714348516,-11.07262706974829,0.34562183497046806,0.5221993669065265,0.16286270203708836,0.2596215889504061,0.8663455544940074,171.36621002746176,94
Song 65,Artist 42,0.8353573580716923,0.8425965982803938,-2.7156764465166217,0.38300703578789724,0.5037196003541459,0.008072485351219783,0.30702303438006245,0.28292380777321385,70.9368767333613,93
Song 66,Artist 4,0.4661788928470405,0.42675329097558146,-8.837195008122743,0.42414577831842015,0.09473326667731115,0.3499855412865678,0.18681362260159984,0.8517018778873905,94.30806405254428,44
Song 67,Artist 29,0.9176006638448423,0.1308052997384762,-9.20188320995575,0.2457531459688571,0.15062375982476517,0.7061875045387377,0.19314700110656244,0.5754946118682535,140.68677753584453,67
Song 68,Artist 18,0.7075774283182275,0.8475890559087248,-19.316244681216837,0.26098410247445464,0.874822730846932,0.041520754869847215,0.48252173706957435,0.8042149138109549,80.38471132853716,62
Song 69,Artist 26,0.5618907122319818,0.41067293039314806,-0.2661403928567685,0.07986274731746743,0.2056380720792937,0.1528949675968021,0.4512698893412357,0.7059190964818117,66.64990661306933,57
Song 70,Artist 44,0.5697692433288537,0.7964510708812063,-17.540583829407467,0.20498042386273366,0.8797069061913312,0.24806763067420406,0.4321305524757669,0.6921908447212363,99.73757869969798,60
Song 71,Artist 34,0.2624633083964447,0.4264821051993509,-15.377381751447068,0.32881528635765644,0.478721435871837,0.5853797892513704,0.23270531076774978,0.37569393654079736,151.91658898262148,64
Song 72,Artist 10,0.2687781104438608,0.8749612179772495,-18.96606325516946,0.39459189255069177,0.12221014235754342,0.5125084742420692,0.056164347684011545,0.298812391751373,109.64144147823124,59
Song 73,Artist 36,0.6518306944258392,0.29755947257286286,-7.199940663261726,0.12426036689178106,0.08937198247832366,0.33275512366548404,0.08610001090507134,0.2792532935286699,138.3567506289527,36
Song 74,Artist 14,0.6152772892593505,0.9770925386789829,-15.5059764605464,0.08615499159643299,0.187977663635166,0.6072551514067006,0.19048836569792166,0.8286129085006504,129.5542916673764,76
Song 75,Artist 31,0.35954592126817175,0.8017828973092277,-16.39979125054553,0.33826016216023624,0.8330735970228023,0.48770480932552157,0.05708431084805465,0.797362797220167,62.666217843069646,21
Song 76,Artist 48,0.9096459071612677,0.20281413332835715,-18.228888315535173,0.02090234409195711,0.3727352018954041,0.7168326397257753,0.05771740186183916,0.4744874988104612,178.6247984454848,81
Song 77,Artist 15,0.7859720378534019,0.6091989579699044,-17.933820857519688,0.10561884046751832,0.35589084119362296,0.6544213993109544,0.462471485739085,0.21254392147198642,64.97137065832653,28
Song 78,Artist 8,0.285098451513086,0.9868305810175613,-8.306585991148225,0.033954262565097794,0.2818856349631566,0.20225088487136045,0.3677713259535743,0.42491441418083964,176.1363285178182,87
Song 79,Artist 14,0.8981968292654694,0.523958907424433,-6.235842682668091,0.10010485657033805,0.13235566550992955,0.21715086210736018,0.18903019553066872,0.6264419360163747,125.98370140372778,36
Song 80,Artist 23,0.9306861564008077,0.26389642493942495,-12.05242023071198,0.1070332543642425,0.4390660774731658,0.10028518063390851,0.10969005992042893,0.4862426813079599,175.57908324780797,69
Song 81,Artist 40,0.9469484315227469,0.5363005304353116,-10.402058368158535,0.2060833254801892,0.11704300426002483,0.2695717805739652,0.2802360730527847,0.7631608782105457,73.77043192966025,59
Song 82,Artist 21,0.24190336600801254,0.5612118902937294,-6.280645280340318,0.21311701984954684,0.7519322127440948,0.7996351349752755,0.052405772384464006,0.9479793989136776,118.84902230226159,77
Song 83,Artist 16,0.7527766675932567,0.767518249805799,-19.65240419629041,0.4396459858929141,0.33335728764777584,0.32460093489204883,0.47228618473616485,0.26246227518156234,80.34049102392703,94
Song 84,Artist 45,0.6094368276237417,0.728961267844814,-13.537386858594429,0.2648526619994361,0.33732321100361673,0.17639074775128513,0.23666680372502624,0.49070319671063656,66.11698524269309,40
Song 85,Artist 18,0.7293736129090209,0.4622950392372825,-0.5380450385930713,0.3672342874938974,0.4266057856348403,0.6099863075804425,0.23105072985679975,0.4663363166326987,134.10349380747738,37
Song 86,Artist 47,0.9264889579806012,0.29622079674467783,-8.397755406090639,0.06998593180173797,0.39971494184917644,0.4339768027701249,0.225767123411802,0.3588186528366082,84.93401051540297,74
Song 87,Artist 24,0.7160225076312793,0.6805487509923965,-14.915508402050135,0.12821060262257306,0.8953721757533895,0.11968115962156203,0.08119774867449414,0.26838118921224613,130.52364219450553,48
Song 88,Artist 26,0.8277229056780304,0.47953354109795365,-9.565399067275738,0.35741285166976483,0.49084300909647227,0.30455174492869264,0.33724500790632195,0.15583829901621035,73.48373783387828,43
Song 89,Artist 25,0.8501515289831311,0.21904859001279736,-13.146930237581692,0.045345901024893484,0.07938153341088362,0.3315757724314747,0.379851628832759,0.8540514196401436,99.83837657192433,93
Song 90,Artist 45,0.8288605728229888,0.9105150711127471,-9.355100223474018,0.2535668778770015,0.5461896074192369,0.6030637604553749,0.35425642891473064,0.45687139303337,153.79590696638965,36
Song 91,Artist 41,0.5195686062852058,0.722099671848689,-17.485169763867024,0.3076971035182082,0.13642586358289197,0.01653709511352357,0.11229597199822744,0.5223611907250415,112.44618262106252,37
Song 92,Artist 29,0.3669323131782729,0.7148654708009333,-17.34570692361445,0.3090299091451909,0.027843880258207776,0.2152157174386484,0.31047807561601665,0.8794007409707785,135.32944978768037,61
Song 93,Artist 15,0.4974887014656889,0.8403254883205066,-17.129152759212143,0.031007749408660176,0.8736679383095234,0.41407704105241766,0.30626801787751423,0.7598469058885556,137.69495288946553,64
Song 94,Artist 45,0.8689226815825825,0.5766955107895729,-1.2036041614631654,0.17461184203000904,0.6961850023811075,0.21507739396227468,0.44078485457362193,0.21092607449960657,161.25060527847523,36
Song 95,Artist 1,0.3099536162690191,0.8335489855622115,-5.3420216331731645,0.32551551250359395,0.8820980931723903,0.5027472379351992,0.22060744626904116,0.580606972466581,98.99073532879696,92
Song 96,Artist 25,0.5849946265192947,0.5482816781599051,-16.752362106753584,0.09151987335163685,0.4300906032200182,0.3854939834196933,0.2171686746467454,0.47591443504162523,142.4754675099021,33
Song 97,Artist 7,0.37492105431839584,0.16045785992413908,-16.233018324687972,0.35379951119746555,0.47903177803407854,0.28936820388766454,0.3283371764231835,0.7776294116919483,175.39389684553987,68
Song 98,Artist 9,0.6359790629200868,0.4647232792249199,-5.383410502582473,0.3780441002305638,0.1515032603272172,0.7593669014964098,0.3348826940747809,0.7155976654701568,147.62920012294416,48
Song 99,Artist 24,0.8473538914917529,0.5477184045819016,-16.87672310415652,0.4913452114141497,0.22221668400082703,0.505727599349166,0.2611783522966057,0.6868448636244112,118.78445720612935,23
Song 100,Artist 1,0.8602699764788126,0.7481823234690662,-15.308774133303427,0.12072415753107651,0.7546942934125453,0.10395309781435298,0.2493767130486895,0.38946311015791235,135.68609333903152,39
Song 101,Artist 44,0.3775138952615591,0.19592085711580692,-0.7330633435920197,0.4160627204797353,0.32056708240583476,0.4480733579547164,0.2723664517870472,0.7842191708393663,148.76194773157297,66
Song 102,Artist 8,0.8807702797614098,0.22601668479440412,-14.893869505431363,0.26974235692095394,0.7441334764167771,0.6245854825607209,0.43747038477649036,0.14453260125563205,133.4730918832647,28
Song 103,Artist 24,0.6439165541159633,0.3373154223711548,-6.767352992577065,0.19926204614920323,0.6381123518583286,0.5667917579942379,0.2575251055642595,0.23568116621734214,62.0010976187807,96
Song 104,Artist 11,0.46266368502523514,0.339848554033794,-0.42737425198939194,0.07874084351608542,0.15945383274467897,0.13767138343620752,0.4729693063864201,0.385279782031225,83.3728197224671,98
Song 105,Artist 17,0.7311358966873999,0.7589661206131562,-12.514064657204147,0.37304269111401805,0.45670172950776794,0.7779359992320827,0.2768016936183467,0.1652863249088891,157.25618606585593,46
Song 106,Artist 8,0.5612502409730865,0.325657594505438,-19.649680182758754,0.1332116475889698,0.6096485893668452,0.35905091659728483,0.47714031193140116,0.29974513590448787,92.71807767749816,34
Song 107,Artist 35,0.48349069259169086,0.6697882570217029,-15.117054191552516,0.19828256089906196,0.2115334933234426,0.12722000299220904,0.4247743558410841,0.8056283355482304,147.78745434733608,38
Song 108,Artist 35,0.7288132732224949,0.5448464651244442,-3.382456173165891,0.05002026891073685,0.7476196594680692,0.14415660330251834,0.2130940951771231,0.9060138071215674,104.65442582900384,71
Song 109,Artist 33,0.38654311582271594,0.6159649403614607,-2.7078232808992664,0.4046561195933691,0.49034489179066815,0.0785879937512644,0.4386386395834772,0.3589120024080619,122.62611937895318,45
Song 110,Artist 5,0.4476893967643239,0.8542962668604662,-4.629612709524176,0.3879624915063888,0.1487178453983429,0.6428144867479475,0.09952847789050186,0.3248384333905125,68.15679597832845,45
Song 111,Artist 42,0.5258388833662035,0.4639433513941219,-17.73780361846854,0.37213559842030997,0.5246859835481422,0.09762439545747892,0.4662712289043565,0.3379087544094629,81.74706732596515,45
Song 112,Artist 39,0.39026163040485407,0.7938202393578435,-4.089792566071937,0.16373288503610559,0.8997424237403226,0.10010020571339756,0.33423958178730123,0.33606122424821727,174.86363562230815,65
Song 113,Artist 41,0.5039015650860629,0.4798324535956186,-1.6264440601299146,0.10327043564765948,0.1354693424970722,0.6803772918086701,0.07447583683504004,0.13054065485807706,166.8165664136297,68
Song 114,Artist 28,0.6286047689037579,0.41848423890512454,-7.987809149075278,0.3260255669457103,0.7350812371075753,0.27568326755804773,0.3399155256428652,0.8878788943814419,138.27301330788603,72
Song 115,Artist 7,0.7557303956830013,0.9627644595818985,-1.182492873238703,0.25815986437434535,0.18657810286880216,0.02468632344645796,0.4884114443651403,0.2816434203347791,115.15735168628848,22
Song 116,Artist 9,0.7753961398314289,0.2659338286110669,-3.4632223257624517,0.10556118411422796,0.7041494965140785,0.0415162396147287,0.08141029457658301,0.4570034629691942,141.09135514742687,85
Song 117,Artist 8,0.8170927639075198,0.1813032645198471,-6.660569660181855,0.34923741010393455,0.6611201308092719,0.11373635736311645,0.29960946940103883,0.10823385032982258,134.23323469127268,61
Song 118,Artist 12,0.7581587427074734,0.7938873329819307,-8.456295265765037,0.49574068727422577,0.27044044704038916,0.17071467838055165,0.3865074573917176,0.8292618272777986,128.22627067255345,38
Song 119,Artist 34,0.7107795703226818,0.16142473481868244,-13.02852665516059,0.37866540211617805,0.2932408058080048,0.5321169553907243,0.41461636401478913,0.7214837427866796,67.10124862362503,36
Song 120,Artist 33,0.37812985346935246,0.8533710916327265,-16.8142510951439,0.37519346560909367,0.7132692527666272,0.1258610240014626,0.23622235939435812,0.9047426298976478,135.93631327938084,52
Song 121,Artist 48,0.5001671696540186,0.49347405672151917,-7.900921546189183,0.476150121406684,0.4153009606985814,0.0950995129416576,0.14187495162570934,0.7643731573169392,152.2704053485402,95
Song 122,Artist 23,0.5582861681601707,0.9239623095627226,-13.63776892763761,0.11740945643595305,0.657736225840628,0.6117753131810234,0.06905402544757273,0.36665053524425545,179.28979855746906,68
Song 123,Artist 24,0.2621684912700157,0.7493795750097151,-2.6712266494470915,0.2914639831622914,0.1331857326292513,0.5368442270879316,0.31087677069375114,0.3106923549191601,61.329426311317164,75
Song 124,Artist 37,0.5962775909729069,0.6493642003071618,-0.13326125282743018,0.49023042321626403,0.7673020037113982,0.348259377164189,0.25380998162042484,0.693058861420299,147.6208143972812,82
Song 125,Artist 35,0.527251873704917,0.9543761173519891,-4.95144474768855,0.09934117326568379,0.6397962450140873,0.4394478171840832,0.47693497781736993,0.4094958587589245,128.61471791231764,22
Song 126,Artist 44,0.8015819367700505,0.4569844357468489,-18.190366094258984,0.35612094053337007,0.8162485279513505,0.24958721626113478,0.0772722084717094,0.5812827633897241,112.0862611297148,68
Song 127,Artist 40,0.9334255015657031,0.9586782428856698,-14.226288089387237,0.3011888700665129,0.1191351411314752,0.38600033618828855,0.35842790455070256,0.1053188503724997,75.3084209485645,74
Song 128,Artist 22,0.6170037789819385,0.22150114967908624,-17.817807364685006,0.30150996425057935,0.5337130503245379,0.40533811918619667,0.061234799954025726,0.15260284642840397,109.09021783618515,45
Song 129,Artist 27,0.44201479120818776,0.5353794477391715,-6.989767044165685,0.35488190120963603,0.5392085265362927,0.30978981694247676,0.12714537951974422,0.5550627500044035,102.52526195833623,91
Song 130,Artist 35,0.23255058747362958,0.3429201001529754,-4.696182708884306,0.4662161229803284,0.31811466649210424,0.7252577685377303,0.2541105499652754,0.5811608994809403,96.33958667744906,71
Song 131,Artist 1,0.893482497667697,0.5858585010173741,-1.4865033823857643,0.3956393311286422,0.412619782112332,0.012849491984804918,0.2546925992612907,0.738735002790442,147.70555479866493,26
Song 132,Artist 35,0.8893367864589946,0.24581249010242617,-11.236553071760246,0.0469453296397808,0.03418340696086813,0.625737010472997,0.35856524432013975,0.21217052168036749,144.08706255411167,65
Song 133,Artist 37,0.3897426259919309,0.8573766942790391,-1.9724870082311141,0.4293094495403414,0.6712740347643108,0.09950626499305947,0.4595958656904905,0.536205621193262,130.68241091770938,65
Song 134,Artist 47,0.7215583423299856,0.8617670643831016,-2.4421768191734494,0.12825983836435165,0.49439023146285666,0.6380378884297596,0.33756447151171437,0.2652804977669353,172.63977759520466,35
Song 135,Artist 14,0.25657591031732696,0.9597126814511311,-13.656085664692029,0.20091879907345853,0.0519669466822564,0.49272953254137697,0.479090794033179,0.17921670162829048,101.98252610170253,43
Song 136,Artist 3,0.32466157393193973,0.23920492679491262,-2.6219874891885797,0.24163175053394342,0.612680303664437,0.6746224727491219,0.44672703794509894,0.4489214249514714,89.25623252522155,80
Song 137,Artist 1,0.3626068299398684,0.6609992958144917,-12.48655496236547,0.25083488036147344,0.42010386950806916,0.07801146051271797,0.3130249079888556,0.23883615087569865,138.70839757180795,73
Song 138,Artist 5,0.4208704601295724,0.5268135778303327,-14.062614508794384,0.22888659164257125,0.031015133482500002,0.4471845072798193,0.4252063779134723,0.2885146814634708,83.85768731248835,81
Song 139,Artist 26,0.946873531272028,0.4099453588398099,-7.018506824112139,0.4699295812236149,0.8726469541632859,0.40087030420975767,0.3391599246456353,0.3699213928890765,97.80126086201095,20
Song 140,Artist 14,0.7226937918978611,0.41638614502079696,-13.43237544229838,0.35888912367873177,0.8542009287804965,0.564954546370687,0.08535102391567721,0.3204801406317168,86.95229280898619,68
Song 141,Artist 39,0.48815137353441496,0.47151419554607704,-7.3958250334171165,0.32296191005921904,0.4616121745324778,0.42743244151494064,0.3832541254667795,0.17445260279505445,68.29842812622014,44
Song 142,Artist 27,0.7528255293822644,0.7344329947200577,-7.803363890026109,0.043924173335811945,0.08430517863531918,0.4325876537064834,0.0927087985703058,0.17642880813074696,159.29984899628082,29
Song 143,Artist 9,0.8864407562518297,0.6384574524413392,-8.731221453030823,0.45387839852497985,0.6791590994387326,0.34367675486085175,0.3173372512563706,0.26426200294904295,90.54486515059934,99
Song 144,Artist 15,0.9190268055558847,0.513713361485018,-12.391605915344046,0.4565072921640302,0.44273799009515613,0.24706753920587268,0.366188092636203,0.14297530976560813,116.76330040116248,35
Song 145,Artist 15,0.24339792331828056,0.16834006933265988,-9.030005566970464,0.3945022704464491,0.2722027304604419,0.38581148900175377,0.07993742369488487,0.632488466725388,65.19783279051744,77
Song 146,Artist 26,0.49589134895609743,0.16998880967106136,-8.070290500291568,0.023374017830537195,0.4422763597757011,0.09479388701472047,0.1538575942669393,0.34422770903256666,143.92073595031718,91
Song 147,Artist 42,0.2800670494519133,0.10210545156320044,-9.086262230090531,0.04749452051725921,0.470199730864918,0.7692106711864679,0.46205250451774244,0.33778407260371035,99.6673202767549,48
Song 148,Artist 13,0.4517450485977224,0.9709294493863778,-11.111610944975968,0.12810737708887507,0.5064405291201053,0.5715286109012786,0.3273415215048034,0.3821985501021004,149.36840733950518,25
Song 149,Artist 32,0.32725992792167413,0.10472843670254643,-19.706658859074725,0.08304771590955522,0.3971013422897939,0.7619736933502774,0.1608287084647392,0.6633768330782633,109.48836725614393,35
Song 150,Artist 39,0.6851362712515429,0.1927843714123704,-8.258765845976981,0.21144129425779012,0.5451797728251511,0.18138190586397063,0.360805897016603,0.8400387992609669,83.49067276867495,39
Song 151,Artist 49,0.49120128799240415,0.3831369011284698,-16.631112297145606,0.46285906788213904,0.8268612395457396,0.7034728161412225,0.31854938898276036,0.7452238926722926,121.58100987384431,99
Song 152,Artist 32,0.37204605927871226,0.8266872266350851,-7.148480621056208,0.24658900841455916,0.32604127838873204,0.6470319876508308,0.2757090649630768,0.7183998456913308,75.66054715649277,90
Song 153,Artist 4,0.39945344372317926,0.9658889071877059,-4.81311344154268,0.026433260687439494,0.6531448168979542,0.541721929966139,0.48928413874463766,0.5117325077607219,112.86469918475937,97
Song 154,Artist 30,0.4702588214039512,0.8110122029126705,-9.99109381738517,0.15571793099780576,0.805007301141809,0.5000233488681646,0.357554199833379,0.6897347234223,98.07665729045839,62
Song 155,Artist 37,0.39496239714069703,0.7215042092010765,-9.152726700405234,0.04140555601902154,0.41038134818394323,0.253239732214296,0.2189484993505607,0.5698480128285457,169.43515010395598,45
Song 156,Artist 23,0.5399306351216233,0.5691706006722125,-0.970428806680177,0.03741805885448104,0.3991102527437137,0.6531286279720246,0.4100330444345906,0.2838129489585496,67.3114466064864,97
Song 157,Artist 39,0.22423696333223786,0.17803469067596525,-3.056652772548516,0.15234552948586508,0.5419052868193016,0.40121236918378705,0.4480624818145345,0.2773001125798931,143.28208969268906,90
Song 158,Artist 45,0.4098226303767093,0.9623537137035374,-1.7152696809706014,0.1522939225658938,0.5322660834802393,0.05671326071302829,0.10634925178257415,0.3519332058439909,81.9301399184923,52
Song 159,Artist 15,0.5084050406541397,0.7825531725511133,-3.7246742336082717,0.3978207692487699,0.7259304080936493,0.250290528684104,0.14024884003036991,0.8741822703243413,98.28540891986879,45
Song 160,Artist 43,0.6520864115174739,0.6750544468008357,-17.82163316306537,0.4879206333349337,0.4288350454004634,0.7482376788362621,0.14730215410750086,0.565302614322767,109.86168756744792,64
Song 161,Artist 29,0.4032182318863474,0.7831322609849649,-17.020162880596107,0.19817940506719917,0.8965106546754971,0.6805442084838771,0.36104531422394315,0.723819570451589,168.9618107249969,82
Song 162,Artist 36,0.2998888439178123,0.7516929963458248,-9.467524054620808,0.22586570185329852,0.0535244119805527,0.7855245584612314,0.3213677997739775,0.39457494584406544,89.10939192885903,86
Song 163,Artist 13,0.2571502846993724,0.6735084218105382,-15.078606824040035,0.4254989294172903,0.002851063722631564,0.5023947060832785,0.3285462041143647,0.4465584050654415,70.95705630536042,71
Song 164,Artist 32,0.9053988703515375,0.9825191201619894,-10.466090499176817,0.1487067296458464,0.5761784804036615,0.19800805851232958,0.47334798486027546,0.20673074184166368,98.24275247886283,87
Song 165,Artist 7,0.5124792933038594,0.9130274313724225,-12.112693523632995,0.09506326611365501,0.268591421125689,0.13025203974149102,0.3991601897632877,0.2456007141484198,72.561116464264,45
Song 166,Artist 22,0.6358719658856198,0.6819984272054471,-9.011715231390934,0.4294830192337522,0.21634414982953543,0.1495315524867693,0.10757161603030244,0.8032530716022237,75.43157831526631,94
Song 167,Artist 28,0.8893824138766697,0.7238576903112323,-5.062485677283545,0.04232028149123144,0.2807091720038524,0.015836526677803508,0.20637818709133146,0.5971128369355497,128.8620717570032,21
Song 168,Artist 2,0.2620613150264796,0.146436225992839,-5.690181858014512,0.3174557312957195,0.23044280859445887,0.3125456887887514,0.24592714077908104,0.38690259600124605,67.3082319719392,33
Song 169,Artist 42,0.8574961144443446,0.7029257180950353,-9.575317350293313,0.28975656678406725,0.027711044694403063,0.15314214439963403,0.2281827149364222,0.782423527646214,63.711705767227926,49
Song 170,Artist 45,0.6136909044080525,0.13974889393909015,-3.5521316236588385,0.18604181480081325,0.8743797381515298,0.32932436836536194,0.35118887412284566,0.3095419197922855,145.72969217645974,68
Song 171,Artist 6,0.3236256958527507,0.6294373812729379,-11.382758169239333,0.1712909701267323,0.19867093960750357,0.7479955454710123,0.45135189646545315,0.9296277938101732,103.39765138092534,31
Song 172,Artist 28,0.5084413374390269,0.9994181496092513,-2.065714203197553,0.3904917085671782,0.6606267863303756,0.344432167605752,0.1877231585852546,0.3930949665842443,75.04504190806479,63
Song 173,Artist 28,0.7832017128014191,0.6002259232934617,-18.57439459889672,0.06148381316602231,0.6863367552247578,0.702387597587868,0.29834471138953356,0.3867143110285434,90.43353250316498,52
Song 174,Artist 44,0.560277561399766,0.5258891062732001,-0.9067993993338508,0.133656468469465,0.8363316582065063,0.4844038132927012,0.40523423986111357,0.36512511970619943,137.0503808822879,32
Song 175,Artist 44,0.9389645379991283,0.3815693708550288,-6.906138371373036,0.37157539128228306,0.027494511384041975,0.19770524372911355,0.2372981264804072,0.20379478853564476,93.06438805690215,97
Song 176,Artist 20,0.48255422745345555,0.208470320907818,-12.398509821255894,0.28319388018868363,0.7848435046023069,0.28468380740736915,0.12565315777968314,0.19446657523221056,119.34253501444896,45
Song 177,Artist 30,0.762183724982054,0.7579213043124535,-16.05691746854245,0.08143434009612147,0.47450356275582023,0.06713562865714354,0.26372793436868674,0.6508892793540049,74.60343680720068,40
Song 178,Artist 11,0.4947420867341443,0.2733391250070674,-10.416335411128001,0.44342509485538883,0.5692896989692451,0.2667700748768084,0.07485013433436281,0.8438503378743399,130.57123651265363,47
Song 179,Artist 28,0.8218731655298859,0.20375381912255594,-16.10883353629398,0.20885496635052395,0.5800232494089304,0.5420327564028272,0.4740725543010246,0.7719424337309224,97.92932206119168,67
Song 180,Artist 25,0.6268111018743108,0.47958639375746126,-16.673367845137157,0.41737682015464295,0.7378180244862548,0.05768887434354815,0.08366954233773786,0.21994145491814843,135.23621214344598,59
Song 181,Artist 39,0.24763387219250102,0.8158076541631877,-7.652964851740515,0.39810224745330014,0.30006658994319946,0.1643211267824235,0.24730552186276017,0.5637448035232565,157.00738587648274,85
Song 182,Artist 33,0.22761640072699355,0.7705580933081984,-9.538305508364306,0.31972421430642944,0.6597460708739941,0.3051528331306492,0.28844656748983677,0.189752814080144,133.3975703267991,92
Song 183,Artist 1,0.3003890891004749,0.14939435318182745,-6.598079307781166,0.25735094302164463,0.4757202987499774,0.7856396296127701,0.49338672452927845,0.13850044707111583,95.48970751140249,98
Song 184,Artist 27,0.21025397362024797,0.5096293165325405,-1.4078824515602162,0.49018440338324326,0.714054612874813,0.6278894583671042,0.12470982063928736,0.6579279804770521,90.68924418579604,96
Song 185,Artist 13,0.25651929526434675,0.570191118464052,-9.354795733219197,0.08958323474231218,0.8914914294931201,0.5867893971936832,0.10149418337556136,0.5548794836282978,99.29051504801376,42
Song 186,Artist 41,0.7187857978766841,0.68009198556324,-8.381358934744046,0.3680747492245351,0.1805859156633851,0.09295276522035678,0.053917766178144616,0.16972013242975023,79.75446158838058,67
Song 187,Artist 3,0.6007597062720973,0.6851506153989053,-18.207473216901157,0.11177153670309872,0.8951837774039981,0.6247967148919932,0.12000714659118604,0.12969835944509017,81.7406221020024,21
Song 188,Artist 39,0.7624330621024789,0.4282275245115753,-5.647284281827409,0.18236629055952722,0.0808309388544966,0.6282150492128121,0.14327284058045042,0.9412929513979345,154.88293222802014,39
Song 189,Artist 6,0.8848743141932321,0.6046094746031626,-12.001895863916875,0.1681753968191337,0.0020857931143324795,0.48088215649946264,0.33376142371239154,0.1255181323267111,106.16790918089339,78
Song 190,Artist 8,0.638862149244104,0.5329556954596778,-0.4654952267484225,0.474577274114587,0.03974574256004814,0.7922894255986975,0.14886805567613018,0.47784901509263566,112.3194216684703,65
Song 191,Artist 27,0.7445906330538861,0.8964985208709529,-3.5365196880867944,0.48433096533837205,0.3076041642630855,0.2602031247396416,0.059234366628196346,0.5289261709165413,131.28593586801733,22
Song 192,Artist 9,0.767810901531842,0.5772386193714102,-9.550379189677633,0.10784741323266903,0.5696156976105907,0.7530179585934813,0.42197825547611995,0.1996881256303783,130.75841941818572,74
Song 193,Artist 37,0.48338791195683983,0.4969289455733455,-17.53554691655668,0.03057687694280201,0.062126586799064666,0.7317848919652029,0.21451806545178506,0.2437025116737588,68.08522458263108,31
Song 194,Artist 33,0.38081362424722387,0.46403690471366565,-2.811684134388217,0.3656038590382943,0.005099233076610543,0.009184527799502273,0.2091635089613303,0.3990342554487996,159.78489436051987,59
Song 195,Artist 42,0.35378399637989366,0.6151849834901192,-4.004378091519567,0.22063516825783247,0.8433819256129154,0.3600932211798489,0.18611556312556696,0.7474244947816132,81.27918638687274,85
Song 196,Artist 44,0.38858182963384885,0.8235792814608079,-16.30829740925934,0.0626433176420309,0.7397339723459367,0.7816833864412587,0.4889179747158894,0.5310200604512267,146.76859632596026,97
Song 197,Artist 24,0.4060488477694316,0.5845613413427088,-14.094434215593798,0.3482019706769804,0.728264854025128,0.08249708992646064,0.12655193778917667,0.6422165933700174,152.72051857538,35
Song 198,Artist 15,0.35542073675604235,0.6954896575724874,-4.131854837043254,0.28165065356513586,0.7959818479517794,0.4382277555066556,0.4542071287789558,0.9373983718270735,145.78794409095764,53
Song 199,Artist 32,0.8586655006093942,0.7640701902158725,-16.29543106905181,0.4906480745605309,0.630030845494894,0.7831660056328833,0.3995614994629496,0.7528046200162282,129.47731758649743,63
Song 200,Artist 32,0.7677493491291716,0.5681512988908587,-1.6449502165724539,0.12915655801346188,0.0939637167732733,0.44439633928468814,0.08441597997469089,0.46920727342003504,61.753079653065946,25
Song 201,Artist 24,0.23517235084341495,0.48413535098937793,-11.509451496072762,0.21390938063674314,0.3591901692663508,0.1518522423777248,0.4940280956753819,0.4794756335270664,103.24505908358049,96
Song 202,Artist 41,0.4015043615189805,0.8889988400762046,-18.259220748246825,0.280421985629803,0.6508345378181666,0.4657465840740718,0.17211468359255475,0.6259562654848543,132.58073152350974,83
Song 203,Artist 49,0.21663855652272623,0.47575547562510295,-3.685027129914382,0.40001599445760877,0.2523010147123688,0.16355245915963748,0.09436231716008556,0.6655604271560687,106.49415551070464,41
Song 204,Artist 49,0.5736238899844197,0.5157485655180288,-12.529806339232248,0.28344255522562817,0.6186657277226139,0.4157634103155874,0.4231914053565918,0.5256042869611706,163.61758738953756,37
Song 205,Artist 12,0.5571580225917606,0.9913071820075994,-9.47001611692438,0.3141920772137356,0.022048603440887115,0.0592337743298784,0.36800399015496493,0.6481320393927329,97.05627304195384,31
Song 206,Artist 39,0.8235286175468759,0.10021377121829612,-17.753913111775617,0.12855058476317155,0.2755236067916339,0.48438613537152375,0.32774846264505536,0.12000262025198397,95.22417509503926,71
Song 207,Artist 2,0.4308329298282871,0.26692561861905023,-19.948319703100353,0.4265209894825087,0.4942173026494554,0.4134319513025266,0.12019138866451992,0.4651794343123175,91.91972317111896,70
Song 208,Artist 3,0.8122893014097967,0.44556750092775316,-7.2402958841340475,0.22574266254582837,0.5688808465556181,0.5921290950091705,0.26532325231518283,0.33709736466245527,99.93370427529545,90
Song 209,Artist 49,0.9259803240798673,0.9393309184827277,-9.696496593325367,0.08766062121044925,0.5193365980157197,0.504560376927028,0.4012502120992462,0.20979827845664384,126.88859571770246,67
Song 210,Artist 37,0.26630616752423497,0.16302673517272392,-8.129228617537056,0.33881019896260034,0.6279806484660866,0.43968501482460537,0.18663077216472812,0.18461453588745888,144.84183531271088,38
Song 211,Artist 49,0.7938633796022248,0.10853689026564828,-4.125122992389674,0.1237234175289476,0.005479873415855163,0.551823079398497,0.19026042283176867,0.6127133407724673,139.50815012865422,25
Song 212,Artist 17,0.642466922853227,0.14741545237950573,-7.067881731542798,0.06683000491486388,0.09084707997976935,0.11515353085778468,0.05141340772165495,0.54506046507972,156.92613839777755,46
Song 213,Artist 49,0.5600344752638564,0.17968906955225633,-16.504531143452457,0.43375371603405066,0.7820498270512306,0.47628772900688326,0.1284095307404208,0.3155464994469138,166.30967945969098,72
Song 214,Artist 2,0.5154018339988063,0.13383709588563478,-12.784549617788004,0.24087788695445103,0.6135737796811451,0.13768848225822214,0.44393253130482546,0.5003075499566373,157.92948508120216,67
Song 215,Artist 2,0.7885011979582321,0.5318031941708543,-1.8821779042447928,0.37965618209397267,0.10163847841741018,0.7404177662815048,0.2487859212369682,0.518397467905047,62.27344840492255,26
Song 216,Artist 28,0.6795210177306817,0.622681486504595,-4.601105994966421,0.15948202870705044,0.7578669936587213,0.05466728387648337,0.4929055246554953,0.26575763337282343,148.31015442623865,78
Song 217,Artist 23,0.8037835006395214,0.34451827396210366,-8.867258841265656,0.39774566476047984,0.21800809604211022,0.34429979975263464,0.22806858360820667,0.654279102599403,85.0079488341998,88
Song 218,Artist 37,0.8773632940074697,0.45845864557807203,-14.887100043814554,0.07372924497033455,0.4304338957757011,0.5566379821243559,0.37183390465110855,0.7637814529281769,75.95136512495792,30
Song 219,Artist 32,0.6629477840729691,0.18252940160028713,-13.958789963304099,0.1908672194215293,0.13067686159619427,0.366417769334607,0.17686356930712813,0.7727440097560911,136.61865417589627,34
Song 220,Artist 33,0.9353470438192835,0.4027334174455799,-5.360838648287309,0.4894696726272937,0.639099050779536,0.07367620258632189,0.2137143385134201,0.6120993560979368,98.3691834489234,83
Song 221,Artist 1,0.6560658871564139,0.5702672724710708,-2.9765147829445837,0.4011150638566429,0.600168978912841,0.44270321290136594,0.1358266944159026,0.534892795141162,66.8540596044532,22
Song 222,Artist 19,0.677483241216712,0.7590446264661806,-6.571506609387711,0.25868284655105034,0.19000122404952258,0.5133055270618837,0.20617806582472775,0.15185607155458566,76.51556812780336,88
Song 223,Artist 2,0.6161117064066692,0.1030117258386813,-3.8094004846311647,0.18309318634970484,0.7770606901713016,0.5630338487924061,0.2962568841892894,0.344656604023865,60.11153002439533,42
Song 224,Artist 44,0.2682515682884977,0.5205796898838874,-4.66687729599188,0.43862513601078873,0.361175421797741,0.29860785157020714,0.49629779644066224,0.1792807297614444,168.38683528136488,72
Song 225,Artist 26,0.7447977744876713,0.367302588809394,-17.005920640860847,0.28152692436056753,0.2632635819636676,0.4509279768230098,0.3488907708823036,0.9192496867467026,62.95415806094863,56
Song 226,Artist 32,0.6105847301743337,0.8675396395227113,-11.52110374173396,0.3840440085771733,0.1370966305180819,0.3605491799511305,0.13966067948374133,0.2148181242918966,85.13469234114133,28
Song 227,Artist 6,0.5381828355620784,0.7439979837108177,-16.940323983428748,0.3819716865517587,0.2395512112639837,0.5376448310018027,0.07023264871619801,0.22900909837343675,109.95153368254888,34
Song 228,Artist 32,0.8828534588024548,0.6301976810238054,-15.295288303960303,0.02861392571287608,0.0198242291014353,0.46684557385985487,0.10686041659152978,0.8561401255809183,102.78855911409829,22
Song 229,Artist 4,0.4234695886564629,0.34953908112709625,-2.614807506978949,0.08060181574045445,0.5249317432105041,0.4206049756473079,0.3031498405728713,0.9023390409549892,169.4071052295331,89
Song 230,Artist 11,0.5927017070112583,0.919305191851781,-10.542160687336358,0.3366220958694763,0.7580076717095531,0.19961949347059893,0.39432214796754483,0.7509546833496734,64.83467348814506,36
Song 231,Artist 17,0.7232314036200975,0.14059060949829086,-9.292837963146782,0.0975775094172183,0.49408240449747765,0.0016148141985871335,0.4731886432853361,0.10459418512176939,121.46576492124619,45
Song 232,Artist 38,0.797353831755408,0.19852083881120364,-16.431080695444557,0.14263680543469026,0.19734656573148815,0.13926534024914342,0.05712042739856937,0.10114433031307915,141.65753550292487,40
Song 233,Artist 24,0.5445101059596293,0.4524671264863205,-13.75456427902408,0.47438621801581143,0.030302260392485448,0.09365283313933492,0.2852420637028414,0.42138565431933317,171.80375684174027,91
Song 234,Artist 5,0.8315685612640322,0.2119938015671707,-15.3950766314426,0.2888874840199577,0.19316526593292258,0.3592677960087574,0.26189031030042953,0.22188606450925866,134.44455025484652,40
Song 235,Artist 34,0.7766883059865481,0.9607741278034826,-15.876276709631473,0.38035016335968663,0.3745092852639831,0.4898065206094757,0.3452247598890668,0.1156282208288577,156.45062832141153,30
Song 236,Artist 6,0.2496769833888994,0.818190389929045,-7.240784133680598,0.28783075461566715,0.6836502858298168,0.17046800694784656,0.3018104845094039,0.49445668599382897,70.04699254144181,57
Song 237,Artist 22,0.23439594980347472,0.3330843864416323,-14.862323047085704,0.2852065350957081,0.1690585672839967,0.7512456767737498,0.35916761776211625,0.9016026127959258,106.31274131243129,91
Song 238,Artist 11,0.6656042633165684,0.6296988060759209,-7.35969027959163,0.06519291686033499,0.6478123080192175,0.005345703379110223,0.34613716313713566,0.3752466386670667,104.8736561374881,54
Song 239,Artist 48,0.4605600561690607,0.9840974635720735,-18.83090771782892,0.18495833245236945,0.7802401215166953,0.6178408121322744,0.1026552761860758,0.661969576664392,166.35458597468613,33
Song 240,Artist 16,0.35684809330888567,0.8957790803183526,-17.16451212945796,0.15556683136952562,0.40855216329752136,0.5001638156243539,0.4098730611284238,0.6544000501625746,78.16454055159299,33
Song 241,Artist 33,0.6347374508538038,0.6407186017979782,-14.509194919997492,0.20754961549453435,0.739288792478334,0.2988438408381455,0.10545465907234618,0.31341808811539257,78.22634068039564,29
Song 242,Artist 9,0.45617240784240876,0.9133515704577435,-8.059061662086167,0.4032052103476776,0.49919161323158606,0.04039115552992634,0.3643387813441117,0.6528614615002847,99.42697798629581,31
Song 243,Artist 6,0.6029475625355526,0.990266418832023,-6.483175098252481,0.19852768060009512,0.5733817533728145,0.5019892574274235,0.23726541543827304,0.28048387814385756,66.53592568402051,57
Song 244,Artist 16,0.545089369237679,0.7690175406042618,-11.145660664409458,0.2368144732312077,0.47365061430438243,0.30849081029251846,0.28123283055946907,0.20370630154035568,81.89496487829881,53
Song 245,Artist 29,0.6385745794618652,0.15848776853460464,-11.084181708455422,0.21074306743295193,0.4168554450762076,0.7490137115305754,0.4564841064690698,0.6961757927257366,175.8251566254882,60
Song 246,Artist 3,0.500225366682711,0.4614222127829387,-5.5096629720276376,0.06483582654814189,0.21118809759826443,0.43359205991181277,0.450447676913069,0.19642469453832923,111.38207278406074,29
Song 247,Artist 20,0.7232506802726988,0.8540431617549209,-19.683578164688353,0.23171463596037617,0.27287465351494145,0.7517212090348067,0.4180353375447633,0.947372835800952,135.84230501069237,36
Song 248,Artist 36,0.3350504542619739,0.3075122762245171,-13.17819951051559,0.11389245106136721,0.26097310704924814,0.1763869547786433,0.27956677120534545,0.2559345409776949,147.13335112135644,36
Song 249,Artist 19,0.7223760996703092,0.8475782659755622,-3.625858857615345,0.1096271819710599,0.5069600378584332,0.5805807282912826,0.3813079145602249,0.6050205833429889,104.03536884086405,86
Song 250,Artist 26,0.5087459107681461,0.20830488583149634,-7.935611795732555,0.06513733012844784,0.10795832372150092,0.4937992166789806,0.2808036749834642,0.44966838570070095,77.66724892926203,81
Song 251,Artist 3,0.8557382036408129,0.14225082143303172,-13.255457344891592,0.19120206758804706,0.8251125216321016,0.5915265838650495,0.4413227371136499,0.20742845904481705,84.7897219466137,20
Song 252,Artist 19,0.5864270411481581,0.44568155034212464,-1.8895041534065227,0.38359130469892033,0.6485896307548019,0.17173429117802944,0.23124912495480496,0.12366732144080139,97.59197718967324,31
Song 253,Artist 20,0.9298327619525782,0.13305874368395226,-4.547545451012349,0.15269201148003012,0.36130106782187427,0.531995612990219,0.4866059049866946,0.6293224399489082,136.32821044226708,23
Song 254,Artist 32,0.6514515466557201,0.9615432366849931,-14.702091055265331,0.1699275689050465,0.14276173007374018,0.3984323144454952,0.4695452412029949,0.7857439292207572,107.79366589068653,61
Song 255,Artist 7,0.36788679942974045,0.8435851262145693,-7.094203249485663,0.3284838356827633,0.7937929527494723,0.5942599799250531,0.38372117875330347,0.8157133122807324,60.81776374801537,32
Song 256,Artist 41,0.8163429776333369,0.8206927184168876,-8.084985436220865,0.11400359004172106,0.7414002810910487,0.26163571532145424,0.1757371478792324,0.5103064521153943,122.80886220809663,23
Song 257,Artist 33,0.45881197086679004,0.6668001306965378,-11.976241719220347,0.45053980660329646,0.6495493974454614,0.7120456203722021,0.10924411495696629,0.7608371471050277,170.58160702889015,88
Song 258,Artist 40,0.46071441086201265,0.2946916207328982,-12.660878415903987,0.2696914511607461,0.24439234267011814,0.06744105168908031,0.43461655254193887,0.671920063465263,157.44931332104147,38
Song 259,Artist 39,0.22385351111387386,0.566434330008753,-13.12879050448592,0.23484941135370413,0.36220197369030205,0.6457514550329505,0.12438602876208257,0.7156163483742632,159.02536455115572,21
Song 260,Artist 18,0.6115364819055564,0.637546665187307,-7.656884332087063,0.28775369212601665,0.09247342720718103,0.6890557006520727,0.4344173550488011,0.5187091544385419,155.40696211273573,31
Song 261,Artist 40,0.6008176277993923,0.5725283507742414,-11.15180127038661,0.09969647043977381,0.17013557225477854,0.653801849093457,0.2708442530205622,0.638399979205808,98.84769907325084,93
Song 262,Artist 1,0.4669936132039896,0.3342100311563746,-3.3627377349715593,0.3144671065468046,0.7047149735850596,0.4101811154094208,0.2329505527136469,0.7846970265396485,151.82326005052704,25
Song 263,Artist 11,0.8706629471719443,0.5637231318832533,-6.607947677320762,0.194288353584325,0.6435348469656155,0.35070798402460907,0.4564358504754931,0.4382015492234696,77.17936293734316,27
Song 264,Artist 28,0.2965612987247329,0.542067706781764,-18.601367885811317,0.45064944366301707,0.5341371866783412,0.7970098292199015,0.3217329421431251,0.7850820657374461,138.92593767311442,70
Song 265,Artist 25,0.44757463498261657,0.9967021982260519,-7.196635523436679,0.10105001920528935,0.8061540533335556,0.1833375609713297,0.309476303208373,0.6032143163707034,136.98822800219932,30
Song 266,Artist 23,0.44118707351002173,0.9076925332415835,-14.577051269996304,0.2633845298554117,0.5249398660317409,0.4375007727008357,0.30144467508097894,0.2410158707151683,63.06837589076816,82
Song 267,Artist 31,0.2692179396715596,0.517042673394058,-8.143760166931546,0.30709406209712864,0.42027119996724965,0.5365404203058605,0.21702628220878914,0.12098153364089692,154.5564160309118,76
Song 268,Artist 30,0.5608590455422199,0.6606436446416069,-6.397361377930972,0.036024128857462985,0.30633367167518644,0.5606941086891456,0.4035393965881073,0.40834056033927923,168.38977261141565,31
Song 269,Artist 42,0.7158385378220623,0.7730844436830057,-15.383416216919759,0.19457269988294731,0.8464036551625553,0.16321973259086298,0.16375929980709786,0.5646918790518889,92.08983341665292,92
Song 270,Artist 35,0.5837427601604459,0.13137864421044243,-10.862827102392627,0.3716649126563997,0.07444391537191815,0.523195273871841,0.4725027320185738,0.8138472993729651,157.4868869023381,21
Song 271,Artist 7,0.3177332620371453,0.9054292971050559,-16.193502743618645,0.4137812035755072,0.8377986348547276,0.6546956531850698,0.4522933422711324,0.20836282811920925,69.88871662343378,27
Song 272,Artist 16,0.48296447393155445,0.8741141347761314,-18.953222484269833,0.17031775751229553,0.7440431939379165,0.040014861456889775,0.2018661465537042,0.7801753955310422,131.99614299132793,30
Song 273,Artist 26,0.20194626828773493,0.5116888879963366,-12.430471530282619,0.4033247707437206,0.11693693208213117,0.7292170346602532,0.3782586964242487,0.8335576891571429,118.27762384011325,72
Song 274,Artist 48,0.8512258302766902,0.45205278947234184,-12.74111456308016,0.4845228210096266,0.5084859219077282,0.023603244116164747,0.30795043750231615,0.22808436395070872,125.51082399708,29
Song 275,Artist 49,0.26338775576051143,0.34566343737068345,-0.09039018591485926,0.43129948931604517,0.7798931835741783,0.28477682599071547,0.20194218589965557,0.8238551714085861,171.1446242261214,27
Song 276,Artist 2,0.647958561691573,0.5290091454973316,-11.072952976047157,0.07646911431647609,0.5146282472464384,0.012650556986369655,0.49483474159795104,0.9427355326663732,164.5578296696224,55
Song 277,Artist 1,0.9396927469001114,0.1399389971799131,-13.328609010555992,0.3750705594010595,0.81647983940456,0.06171613483166549,0.06135680563171889,0.7178130063910019,154.21003886877085,95
Song 278,Artist 48,0.6024429844904994,0.866974180012307,-8.390499865666508,0.17344007957146146,0.8486854351344383,0.7289346281440633,0.163690713779579,0.7670542295512398,92.84381492140452,33
Song 279,Artist 12,0.8930313193305749,0.13188013157669057,-18.22465211784463,0.4944396749177967,0.3801460699658753,0.28388866459691825,0.2840333275000177,0.9452529774250424,169.418235442331,73
Song 280,Artist 5,0.3770873998380533,0.3961462288328839,-0.7666852809037361,0.2529723119167458,0.3395822952656913,0.33981722434004236,0.28487885156535375,0.6146590629470535,71.70092309566503,40
Song 281,Artist 37,0.7699665567031893,0.938430539487091,-7.300799088179337,0.0787682712122917,0.8426890385722412,0.17227550510604211,0.3150198837255039,0.361703424713812,162.39950598705454,69
Song 282,Artist 32,0.5984493154801506,0.7616913890711074,-4.9032436011830445,0.36808906305314754,0.6076260550347012,0.47767661614937584,0.38825427741031365,0.8119012089646473,99.37920868243293,58
Song 283,Artist 9,0.7403870460435986,0.3532518645197741,-16.59044123652165,0.17504537522538263,0.10442041321335237,0.4758425717422317,0.3305650237336834,0.6223129108848866,66.452677399438,39
Song 284,Artist 41,0.2467560218834311,0.32738418456479657,-11.810442939895921,0.4985975153991976,0.03806257430041308,0.2977603134601754,0.32012665723761663,0.5940161101628131,140.32283810888978,26
Song 285,Artist 35,0.31080431892967003,0.10457392583622338,-11.54621773207621,0.49029557977017046,0.5081661458975368,0.2664278974443187,0.07408150831086949,0.3155902221869325,87.75359139791465,28
Song 286,Artist 19,0.2998376964406087,0.7261428635647752,-3.5638711219782637,0.3349443286498787,0.8371538688945821,0.7079714465444703,0.21943862950518425,0.7428841291454537,89.22853510375583,20
Song 287,Artist 48,0.7153741290524983,0.1439052235058558,-19.975266404811812,0.08231669549682444,0.7598238321652365,0.30662739171376113,0.1544250828655202,0.1694171844810818,96.72565994745258,45
Song 288,Artist 16,0.8333305044752216,0.5793422674606858,-13.982937832934898,0.3496932788840139,0.6082629718179028,0.3948007937235266,0.16941655022088895,0.885644010175462,67.642172100302,57
Song 289,Artist 3,0.7622121740064406,0.9659097753328448,-0.3752725131139223,0.06465463350081306,0.1252042640019788,0.2266438099399445,0.2994518634531552,0.376949941654912,81.25525730379049,57
Song 290,Artist 20,0.22285411455019563,0.1985219740490085,-10.502269129875629,0.03409479636914831,0.22880824537382602,0.629415602685702,0.1397773917183238,0.20860845487149188,60.61675531026724,80
Song 291,Artist 24,0.8504112358060425,0.9050319378712607,-12.349474395119834,0.41502005418631327,0.7879601038973546,0.31795852551927334,0.1822770954576039,0.47601155313705595,113.44914253269441,63
Song 292,Artist 33,0.4656100030948441,0.9923278016305433,-17.603419959647074,0.12068141488816705,0.16452651299121043,0.41088883723545966,0.15668811883280304,0.13609942286805318,70.11064529015655,63
Song 293,Artist 24,0.4978728743780619,0.15536532361531155,-0.5167074274396888,0.20193302058516674,0.2505954674253911,0.20268573604772913,0.4768263244481876,0.6819322651252213,141.91831260530387,93
Song 294,Artist 11,0.2786518748993607,0.8946156422237151,-19.59947288148351,0.48725954718856307,0.11664058607589776,0.7901276738730014,0.47509957947699283,0.8672996838785527,88.27474214299781,81
Song 295,Artist 49,0.7530539045703644,0.564471118399255,-5.256395499855138,0.18168344089332955,0.60849740827297,0.2331965927389783,0.3244737013682233,0.8116735560677324,173.22889728422126,25
Song 296,Artist 8,0.3367129088569686,0.9158623475001221,-4.628003904229832,0.1623150950159913,0.8495840748268887,0.6165940247244414,0.46603511092935496,0.20826405243069893,164.5501952878383,36
Song 297,Artist 36,0.6229738190141273,0.6141870477276167,-15.126865678722668,0.4607398398189321,0.24207122843584736,0.3419965202854074,0.40361569046076795,0.20733046654157208,94.73290739618498,70
Song 298,Artist 38,0.8305324894084484,0.6959008090959081,-6.568831127739254,0.0731592537530999,0.42786594706506637,0.16497392406731193,0.315476547260814,0.7914193099756245,153.98585455880146,57
Song 299,Artist 40,0.2669032465340422,0.5894010171976594,-18.141417112412203,0.38459955685502323,0.5709057657400839,0.639775011171889,0.052895845173558075,0.8856161334126486,156.38938855977676,43
Song 300,Artist 20,0.6015016730116427,0.8780435922766137,-14.859054671358402,0.4942714719933315,0.8995196233940677,0.26688543122323455,0.39763232873573184,0.49156935535846574,178.38757369372925,70
Song 301,Artist 35,0.3749123086623509,0.7605189270583316,-4.2419602341547,0.45262208517183145,0.09432725849781491,0.6921546779182489,0.366119753714811,0.524125449376701,131.7407984214822,29
Song 302,Artist 48,0.4571951482086952,0.5691342809623734,-2.706276159329195,0.3328006009790844,0.4487137195551382,0.7322057479342585,0.3268641439770863,0.370522735177867,69.83588815723947,91
Song 303,Artist 25,0.5554774560729171,0.8813447236463923,-7.830271746804174,0.17074918159651134,0.34660810791225005,0.6878590683130208,0.39219094025711226,0.8601253505179519,137.6204674711657,40
Song 304,Artist 35,0.46632822745947855,0.3207569790298011,-9.863231363590348,0.14207455096559202,0.7792381487001196,0.028006331845444522,0.2808149741486446,0.6481674694985026,134.99756980512421,89
Song 305,Artist 25,0.686617130218682,0.2416065937322734,-16.813919587620394,0.4132424503383013,0.42837095791049035,0.6298986760040846,0.3668374720946026,0.3450138405922632,136.60206929045182,76
Song 306,Artist 29,0.5596865763156876,0.2443600947970649,-18.737819338416998,0.4423145186968137,0.09987977212663328,0.3290715731993151,0.47082743902692203,0.3539654403961139,96.85747777250538,58
Song 307,Artist 18,0.6381496135356269,0.4006079908707141,-17.64701943052883,0.27220875802193256,0.5709817307579252,0.6989783361457801,0.21911225713073884,0.8575200621040621,163.16155020963996,52
Song 308,Artist 46,0.7526168565461846,0.3148210281709158,-15.452853998078025,0.13728317157750375,0.6937025564374918,0.5103634101477911,0.36865482570528146,0.11158892031994826,175.13666195464944,78
Song 309,Artist 18,0.6183066994628281,0.9370813154587648,-13.166509962061584,0.0742127400373633,0.0025931264990531333,0.6669145073151668,0.26405951810493145,0.37431758681764266,86.12550155737819,37
Song 310,Artist 2,0.6399015759955693,0.1952506844457256,-12.381809489780256,0.06184614455927896,0.7730610168785665,0.3995454158934683,0.3534798433162917,0.5712031790339137,70.57825897639734,75
Song 311,Artist 35,0.6233439068919809,0.7290916642356289,-13.073564628219929,0.36515717472985065,0.16742070000509907,0.4280204036791463,0.3933020009994639,0.22598484278442593,83.34420398021808,76
Song 312,Artist 16,0.484079469463467,0.2702993858065053,-15.218893356054688,0.22165698936690797,0.4968624281880401,0.11551010570693379,0.07045362519610819,0.17828394106965134,158.46625671068625,95
Song 313,Artist 41,0.4530851254039386,0.8934734194933152,-9.805515064966038,0.45457273965337774,0.37421775061870516,0.6271898869514844,0.34097019977689785,0.792984881426976,141.1973561783817,67
Song 314,Artist 36,0.8747355478587593,0.9651837593664166,-3.4942778353420634,0.37504222434884654,0.6476884349494774,0.33551168933357733,0.15203353298312505,0.8602437303512311,136.3256810806952,61
Song 315,Artist 33,0.6556664167201797,0.5189230078929852,-14.405929230570415,0.11180500059900161,0.3340454533071677,0.4000640946172661,0.35151464201340504,0.800065457678461,108.21517621313095,46
Song 316,Artist 4,0.3832648665984909,0.8911643322053185,-1.152259617955338,0.3146131610315355,0.7827868590135397,0.6280781712765662,0.2607485836702161,0.8639697062767455,129.3393565813723,93
Song 317,Artist 33,0.5736857733867051,0.10463065367924329,-2.5332667655230434,0.22904261811111648,0.6574467248629112,0.4790763200635512,0.39809873383919925,0.5701451753996157,96.9448950329241,71
Song 318,Artist 14,0.44776136096068553,0.8379522256672901,-16.764715772957807,0.2970798707689343,0.5829418539566293,0.16087898195413397,0.10553036684251839,0.7904194028417906,117.26400953015535,61
Song 319,Artist 21,0.900268867819906,0.3057626453724312,-4.27448086485811,0.3742731792024882,0.7166165360065689,0.4721861273207142,0.3318450582452878,0.42643624263243535,155.1675634044787,51
Song 320,Artist 48,0.20565077235055607,0.9178311783424311,-8.508252353644668,0.40697402288181955,0.6786207314355441,0.32610628638372463,0.17531182801739856,0.6663276822571828,177.74899169465544,45
Song 321,Artist 20,0.3689995982843962,0.10100810033209855,-8.668492756571629,0.4249939166752276,0.032344807429398006,0.3756204336350901,0.4338418978987662,0.9405102016807898,171.8986708307762,44
Song 322,Artist 8,0.47401761475554327,0.6005635615357813,-12.179144738836511,0.14190793979457186,0.35526091846034535,0.02264901952213423,0.4677725775363384,0.29186856526325833,172.06391314154985,94
Song 323,Artist 7,0.5658573506065534,0.7809722234064412,-9.976940016359805,0.03493548796033169,0.8377265675848409,0.1680234796130253,0.49837923215557495,0.4314147843474185,108.26684818165349,42
Song 324,Artist 3,0.8381131383771097,0.3328194976281172,-12.05642445141578,0.3748614728790911,0.1131518420930036,0.22483046510482263,0.4082033310922775,0.5080402707135728,116.25478566081492,76
Song 325,Artist 17,0.2659157184051079,0.2738195781285638,-9.205347624801144,0.07104498860277181,0.6633868953888461,0.5703680062870446,0.3891803316926021,0.21731316396704398,144.6762475642778,71
Song 326,Artist 33,0.8043986650558576,0.17568840202118619,-7.4409989445472835,0.17116140253422446,0.8771326302017968,0.00919397863849225,0.14697534149039798,0.16888281889529827,170.66303136615412,50
Song 327,Artist 48,0.24174011701773152,0.39379021885296367,-6.513923871819031,0.02183222437968663,0.04697876614047447,0.3270218089833057,0.20120317654554895,0.8052644363733807,77.03931112225015,83
Song 328,Artist 12,0.8317355264736362,0.6038598810779465,-9.350376148811478,0.3472013515527776,0.6139744925639494,0.7392214963405863,0.2595571437930258,0.9302752169034483,96.50902365926349,90
Song 329,Artist 22,0.23872660840588464,0.2042594711022319,-5.571558653425366,0.1002233655061862,0.42133872717092735,0.08950449323929908,0.3980214715020124,0.4440163042552099,76.70962135129314,52
Song 330,Artist 22,0.2136818610712708,0.4390258257881189,-17.174439014489884,0.3345355566519959,0.5212577298372499,0.41313951057488885,0.4617346392850859,0.17450236076545528,133.44102359513465,21
Song 331,Artist 46,0.7227210967748161,0.10816516418745248,-15.760350181955229,0.49603645624056264,0.07680720283589236,0.6292179059126777,0.1351125950103431,0.15593999658699,96.7561196265045,37
Song 332,Artist 30,0.9479416510762958,0.8368114784498576,-3.6252999185145973,0.05488201837280782,0.038706256680245535,0.7540250460160934,0.4650653681015463,0.8576204754062539,99.13294230150882,66
Song 333,Artist 38,0.8724576972305156,0.21560384628387225,-13.549440443071695,0.05699744573670113,0.6001799944958296,0.5974213116269744,0.3630310935593261,0.49424211226852793,68.5099151385575,52
Song 334,Artist 38,0.631998813354245,0.35500865343902344,-19.542123500477594,0.18338244448000396,0.7409784868386461,0.5764524389155249,0.3248468288082674,0.37202321907803315,101.97552741691104,54
Song 335,Artist 45,0.8880467098141487,0.11658494686439573,-16.92417700663938,0.43586552684064417,0.7038138014396705,0.66119047215661,0.1399285720768728,0.5049920805534895,163.49958088819025,70
Song 336,Artist 8,0.20397500479820407,0.4890167055032611,-15.527711310073775,0.12345433701983928,0.48942515507961365,0.356960976782035,0.07498626476411775,0.3705584804884952,87.96873742690019,37
Song 337,Artist 27,0.9313003722088569,0.856109352467097,-0.8535422421082561,0.19298135356656682,0.08988013902256035,0.6446756260942665,0.30580920432857295,0.5156804090114769,143.42249594520788,91
Song 338,Artist 27,0.5680615844440884,0.45293609030067694,-8.539171421383013,0.05288259518095019,0.6192399994524125,0.006371523796360901,0.3431820574980016,0.8306229373802463,135.55540139263113,49
Song 339,Artist 34,0.7421720724663318,0.2615475910814501,-1.3453851904749037,0.3863145398042669,0.21769999519873137,0.739648844301444,0.14485165220960972,0.6034561654027814,163.61815300429384,63
Song 340,Artist 21,0.8156461048650144,0.7783289506454673,-8.496732990067501,0.21598704452453651,0.8199618324906452,0.3546452076137403,0.3004052926214554,0.6904557068886491,75.87455371812459,72
Song 341,Artist 30,0.7388429531274152,0.8099262836836699,-10.412911197242964,0.38443939186920456,0.7544388235911345,0.44270415029259813,0.43542203124315815,0.40997007479918607,177.31079524140517,29
Song 342,Artist 33,0.6012775490336829,0.2563781277768101,-13.72544617611808,0.45373176528646164,0.6384446703786518,0.20390579913190587,0.42577967545475903,0.7277299967339409,129.91543752484387,71
Song 343,Artist 28,0.557464613094809,0.7937686976868908,-7.872581111332488,0.1317263106086186,0.8539613602480174,0.5940246662723372,0.46730983126383374,0.6666245221474665,179.45689828161773,68
Song 344,Artist 47,0.8289369190269686,0.9525680994307042,-17.216039507649402,0.40755009456317665,0.028279639360145638,0.06130864518019905,0.2146486143005962,0.201627698089248,169.3817671039021,30
Song 345,Artist 33,0.3538081701120943,0.24973982823904511,-2.0347674541458804,0.04836506723756157,0.6625803825546858,0.6981086420374683,0.1931223076479134,0.5867464251482469,86.5820726535727,85
Song 346,Artist 5,0.9259955498781757,0.793885863278922,-3.413351897174326,0.4514467463265187,0.2972185014027648,0.6624934632050743,0.38724170269136393,0.3182319718632943,66.73944118839758,77
Song 347,Artist 48,0.7332143591275613,0.7377148041423665,-13.649371042465258,0.3323689028281987,0.8154592971177288,0.17284809299581314,0.24400058229365226,0.7834813191885539,90.67669125544339,55
Song 348,Artist 19,0.34963019550373986,0.5262164995915797,-0.9440494479741135,0.43962882758640875,0.24000767699577982,0.6474595186282099,0.08939689881250128,0.4620470521968985,123.30763787993038,52
Song 349,Artist 4,0.7521853877738661,0.15212841450291847,-3.4959846516886373,0.020090431787159312,0.6523708493835154,0.6290861864491852,0.1772605088017249,0.945481540417014,80.5915640478228,66
Song 350,Artist 35,0.5973800173858375,0.16722497598206862,-6.673862283299206,0.10115891377087641,0.7898823176857033,0.5057732782031592,0.23836202848917012,0.17862537224811922,80.09516934215863,32
Song 351,Artist 49,0.7304225717333334,0.867173193278783,-17.564761777494503,0.2070845059647162,0.03749113654441418,0.29881614151975006,0.1816323914643134,0.7632956833291348,115.51122565261838,59
Song 352,Artist 17,0.7758346260821292,0.9911335354755824,-10.435319539038554,0.2021613936198649,0.3578828216328325,0.2171990033454943,0.19949250692629472,0.672646473510833,63.99215654032301,87
Song 353,Artist 44,0.2654676346922566,0.708447031468079,-9.877848903064983,0.1288305838032851,0.6860781288197448,0.18542687223148002,0.18219915777847584,0.7523740060020996,74.62656990387245,61
Song 354,Artist 28,0.5795779672695103,0.5013624763092893,-15.348972832692398,0.20317373113625603,0.4094270005568284,0.25488717021088575,0.06867462523238575,0.3614003261668879,109.90336072895371,38
Song 355,Artist 30,0.8990107566927006,0.6828162790617168,-18.40069211281396,0.08184738176012231,0.24052736681423578,0.7228467547460243,0.33669261537099915,0.5182463159750405,67.57558910495598,38
Song 356,Artist 29,0.44048164411963575,0.6349562733056908,-4.465527390566146,0.2181253420476925,0.19782481394087104,0.062112620791025024,0.3187815891590612,0.7770322417651522,107.61060677466352,77
Song 357,Artist 46,0.6454123231684241,0.44525103436505964,-17.559298957512098,0.4051300779964468,0.11836644022474012,0.663097021002367,0.3440225743154063,0.2976601318777268,116.88075191381341,42
Song 358,Artist 6,0.4769228611324221,0.15906353011661165,-8.114184988764507,0.24995363028960857,0.771416603870654,0.27911206003345884,0.13653945321513236,0.29212821727035426,114.15199368877373,73
Song 359,Artist 35,0.5407009791643247,0.8393616526666969,-1.2710165223267889,0.028640042693703193,0.5178198629264004,0.4172795168090866,0.18304454372561837,0.5683933103006925,164.30098288837047,99
Song 360,Artist 41,0.6114523384536149,0.43465017631485214,-2.4778961480391493,0.22229313995803876,0.06874645049231039,0.6355885069187925,0.32882716712521504,0.5450290426003774,123.6074946062079,84
Song 361,Artist 37,0.611691484916733,0.8369070790213844,-14.444947525014777,0.0330440077236052,0.3443222912135719,0.7075012376183771,0.31983240580696465,0.3399230998509929,116.1576554973652,31
Song 362,Artist 24,0.3512978467476769,0.327257874719544,-2.9710272489746936,0.48379683713926314,0.3309602857245989,0.2758251360581176,0.27784863920942054,0.35336430294609933,109.28510944699994,43
Song 363,Artist 29,0.713428660909875,0.10092653186107006,-19.993349877590212,0.0811779005229771,0.1635652716385167,0.3694747850200883,0.20768596250458884,0.3361683887255807,158.11480539653834,53
Song 364,Artist 49,0.2659010834319926,0.2430444549490809,-19.646243807734855,0.359690396638697,0.3919568629249716,0.3316128518534338,0.46081895214861046,0.7557852526987144,167.40679247997997,72
Song 365,Artist 46,0.30411858008151527,0.5216854750917259,-7.948936723142701,0.48693263498820116,0.2988894288538228,0.01060082680312844,0.2028966090344797,0.6541157357280916,162.3890963036541,27
Song 366,Artist 31,0.20203317456074726,0.9498732714620469,-12.70403561710941,0.41649874479995447,0.3076233349429643,0.2367543110869253,0.2550286203967632,0.8075546058987148,140.8255893757669,37
Song 367,Artist 35,0.28752204810626103,0.1919742577243471,-12.270783176817057,0.35567138006057775,0.6651239020091628,0.36735138698604947,0.35515122392939397,0.9291520740669186,76.48340951624091,76
Song 368,Artist 33,0.5548746507889192,0.8687887970154095,-8.71117818642235,0.4229412365603681,0.20093704695467668,0.32887488710435187,0.2943596438900439,0.5030396518311885,93.22439633904148,24
Song 369,Artist 21,0.654576410791879,0.5743216865906758,-16.164350888162787,0.49126337276510124,0.5776739629698199,0.5775433820125436,0.20609868936397352,0.15668979919463152,65.5275676418373,45
Song 370,Artist 32,0.7957170874748468,0.843328689219907,-15.764892986690434,0.3182453586816942,0.5135846614928414,0.3078428937768826,0.24604015570542942,0.14087846385023012,171.6988889988137,49
Song 371,Artist 23,0.28002443758507706,0.3685369878909934,-10.307968259622706,0.2884087072780767,0.5112832611040806,0.3915011591765362,0.40751636803407776,0.35131528338087625,139.29582356290925,73
Song 372,Artist 33,0.8380455950123411,0.8559524482052248,-4.914929113122739,0.32155429302237504,0.5967066115275983,0.3436868737058907,0.1751581199689756,0.8926629009495832,149.56354611758897,32
Song 373,Artist 3,0.7594808941615386,0.795540502015124,-7.610044971848247,0.2756844256455464,0.4935438325760886,0.5925009191154964,0.11401485789956695,0.5447310967252437,97.38860874986747,48
Song 374,Artist 18,0.5063887197019377,0.30704831472829053,-14.052899035263222,0.324842770836665,0.7913296033617462,0.69037791918957,0.19092344082339968,0.33101853866810976,161.47842267328107,22
Song 375,Artist 25,0.899703550324966,0.21820161376844027,-11.393256449821576,0.23592425982682844,0.6080220827552338,0.42551126320601135,0.4322903969695556,0.43929177533436664,91.15239404501742,77
Song 376,Artist 42,0.943197107343043,0.8812488902790636,-16.58670482900003,0.12485272778398741,0.49226692623424934,0.631545755356153,0.090045371685356,0.6088058412939702,60.19725085349396,95
Song 377,Artist 31,0.3537513575399279,0.9669129880961187,-18.507403713258366,0.0777186687256043,0.7467868082588804,0.23742934561588047,0.49626323301760333,0.6550072094171658,105.16979550248327,21
Song 378,Artist 3,0.4844214387228503,0.12817208237276462,-4.3460791851170155,0.052803649055484986,0.5455319084401318,0.433095688125815,0.29345130451744816,0.23083158331546927,128.49137771508882,94
Song 379,Artist 40,0.8948370676922834,0.7581430602763171,-14.692251816236109,0.14639157620153603,0.2620298230066611,0.27618396293597797,0.49318058478519233,0.9304769250633995,117.4445829558627,47
Song 380,Artist 46,0.7411974130634579,0.9185720598530366,-16.444672242975034,0.04213931088115224,0.1863854263589141,0.3313607404574643,0.4725483899386899,0.5630563929353705,163.44913710919164,96
Song 381,Artist 24,0.23607098297306578,0.8716240828832488,-6.167638888613613,0.29224197436130506,0.13709500709641093,0.5859310918501349,0.25376617139491253,0.21533507012343742,72.64863431474004,95
Song 382,Artist 32,0.7861358613135612,0.9680684250431877,-7.63896651425628,0.15623765457128974,0.8095096912914914,0.7053299858661702,0.1393209835724071,0.8595899653442136,126.45881287604706,21
Song 383,Artist 47,0.8209556653831189,0.7840846705942874,-7.336207479730719,0.41577670788177545,0.6391218886182592,0.09719631287021234,0.1241981494543123,0.16344266641751448,121.55752197850889,26
Song 384,Artist 22,0.7628764435739852,0.49806888614281924,-15.422107903067728,0.055635619034425494,0.8436405943478887,0.5077114051899044,0.15799521374148087,0.8715751182008857,93.76715786065957,45
Song 385,Artist 23,0.7996528481896368,0.3807567914456174,-15.34708922874638,0.12864871728391325,0.5429626251434487,0.4657150460622388,0.3695596882540418,0.9470808078456351,158.66737350924126,95
Song 386,Artist 2,0.818849507519598,0.38866846639431474,-15.583947404287217,0.37051815060327004,0.4260607933454213,0.09473203134074551,0.17282749762916955,0.6953670292830283,150.34183870586475,35
Song 387,Artist 27,0.3398037400911081,0.7519804053527053,-16.524948086754108,0.30742798226407586,0.05374484007380039,0.16951546435208728,0.20364137132193424,0.7548801379128913,147.94310247981971,42
Song 388,Artist 42,0.3767688095487498,0.7712533108278679,-6.885526548766874,0.05095581019960042,0.6044780533914268,0.24880199578614423,0.2519504617975767,0.38670741099736344,165.14309739234673,59
Song 389,Artist 2,0.675318922790133,0.2803232291938414,-3.0396822950119717,0.4410749394378562,0.523987883791408,0.13354485665400118,0.46095470618965534,0.9003403248238437,146.73415207458254,79
Song 390,Artist 26,0.880899597846887,0.8813105321414779,-5.513650606466776,0.44108564615656615,0.8911880042288594,0.19498358601947344,0.13522703804818076,0.5502568711921125,87.82095500576717,92
Song 391,Artist 17,0.437147436722371,0.7434316361820229,-4.158127324789136,0.17859584186037145,0.21524290000401874,0.21408063908936603,0.052261948674411404,0.7225301796079217,144.66752539796292,51
Song 392,Artist 40,0.6412300068462925,0.6064752577090444,-11.904031418296004,0.18339480480779105,0.4776636197581523,0.2685390664312477,0.07704338467017657,0.8854915585245876,96.92433760678126,34
Song 393,Artist 33,0.7122365475628494,0.5243792140922614,-6.918484092560037,0.49473361200808347,0.5858616016062654,0.5995123622409272,0.45714485375605307,0.9289029795791821,89.06095804169647,32
Song 394,Artist 9,0.5389614509742795,0.5889095252109623,-12.91527519110451,0.3205645623647063,0.5801320572681092,0.4575297630804806,0.3413824091795134,0.8082237031071732,68.76043114795527,24
Song 395,Artist 43,0.7353368411414944,0.24332116445133803,-9.4899075606272,0.2750319298726684,0.5051641886535625,0.7889973375611212,0.17286827869751306,0.3575648809347255,149.2834296417212,94
Song 396,Artist 48,0.8747505839691299,0.28333112434864677,-10.367303069302753,0.4223130481049237,0.6992352092945029,0.33178866157397685,0.129736625455036,0.92156538906927,145.32011543397735,93
Song 397,Artist 39,0.6680761581363782,0.1820480413655725,-16.46225709712291,0.15693936241151188,0.18448308857413478,0.6030920590695401,0.18242003148670147,0.633901601557036,88.13993732089125,71
Song 398,Artist 29,0.6048357964359747,0.2382922343450014,-12.258424793287384,0.2260076448302513,0.6530644802469743,0.6971747371012271,0.10165861726307605,0.8910461048991658,149.9254820068987,96
Song 399,Artist 42,0.5290585065412543,0.5083242711447544,-0.72355449035298,0.1485328042344004,0.5577611142897803,0.5431827944304336,0.4736898096279985,0.6746892719421991,170.14090597122637,60
Song 400,Artist 26,0.6331147031795943,0.5773189543554305,-15.028394845701158,0.3987972063625911,0.806467600615116,0.32949179233399684,0.4028927784643701,0.3611531175705624,72.96347489898952,72
Song 401,Artist 35,0.46652183886379694,0.11607570323048744,-17.323925274410225,0.29520768590490465,0.7624749951302235,0.6028757045966024,0.25807602961064335,0.41452084552139357,87.91639660641299,69
Song 402,Artist 25,0.4936115826511265,0.8171180450776248,-11.628387567521294,0.3362360336672338,0.2836323352192979,0.1629337102181479,0.4392331723018409,0.5679010105374994,150.03129529047786,34
Song 403,Artist 24,0.5988931097661305,0.3647511760091301,-4.193245282797038,0.14110747992291514,0.24861359247763778,0.2620417321441059,0.16225619193195454,0.7715126153258997,92.94080082084939,26
Song 404,Artist 13,0.24996433429311274,0.92065243146392,-8.357035404400555,0.12570814466111124,0.8834879914672031,0.43734820407943104,0.3727042558124871,0.3702851686392847,134.959676914046,59
Song 405,Artist 7,0.37176904319359727,0.9707601372524,-6.380503455235109,0.25441982191181056,0.4745386628237309,0.4603275098289187,0.43525962455618455,0.5927714912140633,69.73970693564574,47
Song 406,Artist 36,0.6071369829600567,0.2669129872089889,-16.206103036506455,0.37403155956455686,0.8157788675229931,0.017713180378103568,0.2105459202304727,0.3937812445399413,114.26429749242465,51
Song 407,Artist 45,0.523646107352332,0.5158875616890946,-7.62103613984557,0.27211508360967684,0.14749292140243397,0.7560913510048071,0.39085900045282296,0.7934039939398411,148.69097063915436,34
Song 408,Artist 20,0.4496118394343632,0.1011086516497833,-13.529992101770524,0.03566992522192093,0.5785370233201569,0.557301816973912,0.1827825571689392,0.49671887970275785,142.3816731651903,89
Song 409,Artist 1,0.7479118526069761,0.6384945386101842,-3.31393268090465,0.4369047230337386,0.7288741686245276,0.3965630001855129,0.18448571086656387,0.16521440282495245,157.80865208109682,84
Song 410,Artist 8,0.7202882055525038,0.6465758034364041,-7.414023879785276,0.05104970888726315,0.8526557246278021,0.7465017875266468,0.09817573034938373,0.24114464325930593,165.29425519238026,23
Song 411,Artist 46,0.3250480699950374,0.32278596004303767,-16.022874444494082,0.47879575218596104,0.30360612691532113,0.35127645220066284,0.24802612092922943,0.15193896747668745,152.782020151051,30
Song 412,Artist 16,0.8589718365300787,0.6025714053248782,-18.707666403118278,0.03206813997309091,0.6524830529316472,0.7843484562162975,0.37837035792384,0.5244075041121764,140.5905291526711,45
Song 413,Artist 14,0.5715677198029743,0.3029861281993619,-19.147335814259346,0.3533362189427402,0.48493170813565717,0.4098278057947881,0.47309936250707824,0.1903867027459931,63.80669901792374,80
Song 414,Artist 12,0.7560956833542841,0.24474292217037108,-12.571828646997185,0.0594593905816552,0.054566033459821375,0.09142861599838358,0.32170864636809327,0.1970189739131873,124.19600080913328,56
Song 415,Artist 23,0.6298631369430415,0.6863675201220383,-14.682977266913731,0.457124758128867,0.6209997635780491,0.6118407779674219,0.4384109919810826,0.8998910210326205,64.52372698978233,42
Song 416,Artist 15,0.9482694619428824,0.3933329175568674,-7.078197530749839,0.24292795338826054,0.6210869024140591,0.5431181800622724,0.4201225921806022,0.8417568113496471,156.9681380539227,59
Song 417,Artist 28,0.764302340029117,0.6312375449970602,-10.013323300427635,0.08601141191216738,0.8375461243618834,0.6183893770444695,0.1280043738388764,0.48427360728966107,98.4869429351949,96
Song 418,Artist 34,0.7302353459325943,0.48992207407449007,-14.679614439892386,0.18359153589912636,0.4475812015520752,0.7611536229805449,0.26861784301068414,0.9379345227226749,127.49152489415052,42
Song 419,Artist 2,0.7839289542880633,0.9859162666626136,-17.015244440996476,0.09911584416644578,0.2072258286394632,0.6211914421208146,0.10261559098642617,0.10015854894506365,93.53343687826832,35
Song 420,Artist 32,0.30734598916135225,0.2346225784008092,-17.456004746251008,0.1018793175474032,0.04010744110381124,0.48906928177331754,0.3569689227027357,0.6218825378323847,153.90001732563522,80
Song 421,Artist 23,0.35340844487709744,0.5181387369722291,-2.7067921571916465,0.4750919936822922,0.37407796801731513,0.6858471218886728,0.4774548507107342,0.6239639507660896,166.3803031970283,87
Song 422,Artist 22,0.7355480616677106,0.7124109637233927,-15.130440631902655,0.23371813389669832,0.2717250300697516,0.5385971514836253,0.11169025613544042,0.488826597489405,107.83709930556768,99
Song 423,Artist 25,0.570486115348147,0.4559905754919718,-6.965787041780633,0.3986250866745726,0.6849794754214881,0.3264952454607385,0.3802474088611436,0.4374057769941489,163.55068722131867,50
Song 424,Artist 22,0.7659764688950874,0.9772298666836209,-3.7862814402746747,0.3270106693652873,0.31884098835694197,0.7084958113934187,0.3345071678905374,0.48707566515851647,92.04900089475989,72
Song 425,Artist 22,0.2771870230581088,0.7496988651342416,-7.718373776305278,0.34468465392242825,0.8541640766833596,0.17752036862749832,0.3126222666536449,0.4527163706677284,124.15931076906286,44
Song 426,Artist 49,0.6023610136134461,0.6912854718080438,-2.808695367061085,0.08321285046657849,0.8660791826890059,0.5717130199269794,0.22555410560975267,0.7209186058599545,163.05137158064448,63
Song 427,Artist 42,0.4841161741676868,0.781353340850101,-12.15212556943051,0.1324085344714331,0.5588177311959373,0.7052507639526056,0.20980924148921565,0.21505211972729146,99.10576111389484,31
Song 428,Artist 6,0.5427501644612588,0.9573837742348453,-0.8755561870210338,0.39764016087412973,0.8357942583133946,0.585053215762637,0.07036213505849954,0.2679933375024606,174.48507180937028,28
Song 429,Artist 15,0.6529684040543844,0.9170367876861761,-17.33709991643806,0.4859677791078958,0.6847689100630461,0.5578203352430856,0.14805891871340607,0.25344049413356007,74.62554021376603,31
Song 430,Artist 43,0.5767162605968976,0.7518567773137708,-17.957009406849238,0.14608430844735282,0.4921736768776136,0.6021106352574689,0.05682959702907211,0.3230999973530749,62.19300836682075,88
Song 431,Artist 37,0.6048954778346276,0.7742454751911548,-6.826157075851129,0.15035300708049912,0.16227714188050033,0.3720441986405155,0.31163769751190923,0.5464696559643458,168.4962423093829,73
Song 432,Artist 33,0.5647681114967058,0.2313298666316309,-1.1433771717347652,0.2469906237492343,0.412738149162456,0.6993365457256209,0.09763395614505899,0.19452743523748592,68.23783993774467,73
Song 433,Artist 8,0.5067163828141199,0.19251316404339913,-3.8223307672734386,0.49224335017061016,0.5047870170263559,0.16274918010887296,0.4428587273133722,0.8379439010275285,179.026703513699,47
Song 434,Artist 44,0.7789114854486838,0.6138140516597479,-18.47166281123897,0.1491002939967061,0.7775654226615092,0.10190913280027143,0.2854143593137244,0.3527573016122015,174.16762343749272,75
Song 435,Artist 44,0.2091523042385334,0.116530873246486,-14.412645721305672,0.21534651662444665,0.4332000388820984,0.22840702409480926,0.3648604590764188,0.23815728934840166,76.44250920435849,88
Song 436,Artist 5,0.6488320259039203,0.5341207433964325,-1.3936223032435269,0.44791040749928324,0.807907205410161,0.42526191741999453,0.2348856913282234,0.6742781131585068,124.5101550831079,96
Song 437,Artist 39,0.6241312604922304,0.28931462192698176,-14.938831343984308,0.021402095658253763,0.606914081121122,0.4084494363274705,0.3022609140504719,0.1323733555094214,82.19043569605732,77
Song 438,Artist 4,0.7371343060497142,0.41141491088035564,-4.376591524261615,0.03908766319451338,0.12329915674830424,0.6564790061412693,0.4741966296349837,0.6269732801430395,111.37862076361438,97
Song 439,Artist 6,0.6492720235829949,0.7982242622136605,-3.497356081425924,0.3099544049941852,0.8954832323925837,0.3236549251232139,0.08723031783065184,0.6934686660750248,67.37101551117992,94
Song 440,Artist 45,0.8200991208568087,0.9471137538091479,-10.090957930780364,0.45554247906216655,0.4745093946785214,0.3874755410332069,0.16427199736566328,0.2826790516787113,86.87095053559074,61
Song 441,Artist 32,0.9193060959230208,0.16517464493170736,-12.27302180303369,0.13465119699292527,0.352672466768171,0.01069414660751651,0.400994747109745,0.13566946242708916,103.59273556786795,57
Song 442,Artist 30,0.45689319288390756,0.5808179853788006,-10.997511351604807,0.24542805184674032,0.5932023880225739,0.3277913891543513,0.09443174309719964,0.40909855508153214,112.63770002952657,87
Song 443,Artist 47,0.3705132372724903,0.89428013723764,-15.460706112692717,0.23622334479575277,0.09800398258293518,0.5182193863602736,0.08404749675684989,0.18380509570564602,177.29955098506719,72
Song 444,Artist 35,0.5176976468153622,0.17425768099637914,-2.212181677423115,0.24702624612584487,0.572884782078019,0.012406664501273746,0.21269362943931736,0.19900617222233652,156.94387748207774,52
Song 445,Artist 40,0.4159472123567946,0.8420626422071504,-10.987606865404842,0.31880945395027765,0.44841240044934566,0.224705572148995,0.09147558131259455,0.3161220467281349,148.48919331743355,90
Song 446,Artist 16,0.6612126973644908,0.4220212158354442,-2.350811190878004,0.2454770062355282,0.3660066629987248,0.16636508743151196,0.3132852989927914,0.3511477359327454,124.4449577690369,75
Song 447,Artist 13,0.8838893066322235,0.3898852319974018,-17.886130401874517,0.23478470783477975,0.8577180190610093,0.03358834312767058,0.15182386286746993,0.5504747898682075,160.7997312725212,91
Song 448,Artist 42,0.3043371456072964,0.9797197476833073,-0.234494579997373,0.24765844180700505,0.4702857450588479,0.38340807193163,0.45306408343971755,0.6766331026775612,100.71874027868533,70
Song 449,Artist 30,0.2755959522619149,0.2807731808760648,-11.134538251127635,0.3036163718100999,0.1972057315229446,0.1453786345825252,0.4025750363803655,0.603855299739657,145.06789353279794,93
Song 450,Artist 19,0.39201164889024664,0.7238745467404128,-19.04338359211789,0.277763594408652,0.4130671314395688,0.5944652317051041,0.3648673427447643,0.2261062866960893,179.25407704538065,62
Song 451,Artist 17,0.7445716895468006,0.8392966552088799,-19.239563035250903,0.429985278872242,0.8274486641154054,0.6783423070106789,0.32762481232302587,0.24627312758473247,97.75546907222386,34
Song 452,Artist 19,0.6447221789441162,0.1370651457513445,-5.075854850363228,0.04375848967695997,0.1584859241975352,0.43646814613531826,0.4385595786536585,0.8469538623239773,140.88210418607608,57
Song 453,Artist 28,0.2766594981688997,0.703346912518971,-6.819289315926385,0.419992194307046,0.1925613348194132,0.7853658740169133,0.1503779276942406,0.5745994678044966,161.3177836982859,34
Song 454,Artist 26,0.8890628916955599,0.9563949769197942,-3.95738883744825,0.4250838140536275,0.011726610981375373,0.3603828571764763,0.4428989792439024,0.8394471579630356,169.89691000208066,24
Song 455,Artist 37,0.792563477843065,0.21179797005525342,-17.89264932094388,0.1567558503348612,0.012771044456190461,0.41069456817993244,0.4052715342908236,0.4158145346218932,146.1519229128122,73
Song 456,Artist 26,0.21726695359072815,0.9065991724165345,-19.288582659289034,0.2421689384076083,0.7464524642626613,0.7913742031662001,0.3866723718744585,0.6222400063166252,94.03295081005635,70
Song 457,Artist 23,0.6885254082411846,0.6352989736392425,-9.82841421104843,0.23049847449796904,0.6589103461586603,0.18523874877203905,0.30256505513371584,0.5451139036464191,99.15385818827357,29
Song 458,Artist 9,0.7784350013898035,0.6549441236762267,-12.24809537034461,0.12488472048998253,0.3195369508067625,0.7540367517415243,0.16080987243677006,0.3712549663473932,62.4909638548757,31
Song 459,Artist 12,0.4808265272903165,0.6516497573790454,-10.761061266580885,0.2104624866014319,0.6284800415048155,0.0342700440952906,0.24059656219635336,0.49942806622855607,151.30631732058117,23
Song 460,Artist 1,0.25169115452541413,0.36895229770358245,-0.16823182259452008,0.04130613064201013,0.3556853336789732,0.35710951221055587,0.40710679454246074,0.5271172453028923,65.12875272743416,37
Song 461,Artist 1,0.25799079911659045,0.9416816337695137,-0.5850008465865963,0.1533545949352325,0.8576071163980448,0.05600280970645262,0.06430031796079601,0.2706553285431768,163.7582825523295,99
Song 462,Artist 47,0.27818522453885713,0.9526154163679349,-1.1536922065361432,0.41200744421634466,0.8703474132834313,0.5833877943309144,0.40192284616869123,0.36775881652022185,74.23927373694465,55
Song 463,Artist 34,0.8303297239853172,0.662774194192553,-4.323146464646523,0.1565899048461908,0.3535143982284091,0.48672714870401423,0.15803183321940492,0.7726982879309292,80.62518145631091,44
Song 464,Artist 32,0.8830146486917848,0.8050804533474533,-12.903172794862192,0.4127392009991588,0.7687997157067813,0.5653074107740771,0.11493914032472137,0.878420003536008,117.18317649986848,95
Song 465,Artist 48,0.29210808638430036,0.6510321872930422,-11.757381394744568,0.2751677430101268,0.6957801375277196,0.2995843199744136,0.10206559318113598,0.40582497951350455,148.54564982024908,55
Song 466,Artist 25,0.3769295259463109,0.5359586028166365,-9.007679125621511,0.44233408513335676,0.2789999434546104,0.2955855472251043,0.0622625053778668,0.36092643987766543,76.68026462388933,86
Song 467,Artist 40,0.3241403827754673,0.6947381064693257,-3.3893108719032017,0.2958941860469193,0.2088358460109954,0.03625542316871568,0.28561391834965383,0.26591758988610015,112.80852900797981,28
Song 468,Artist 45,0.3397406596205905,0.5977013073327626,-18.625743349634647,0.03424074707107511,0.4124111853535505,0.27995595162371184,0.14821694271217828,0.676717493352994,117.94215292921257,80
Song 469,Artist 1,0.8281180917518691,0.6377282763687371,-11.514062282302238,0.34420169962260283,0.7032139565529656,0.7434307218096476,0.4952442946008342,0.37463474641638667,85.47427700023096,72
Song 470,Artist 16,0.4491098094912042,0.8054492980769757,-18.347646730814628,0.04152971265131296,0.8641510062558709,0.3033812297443592,0.3084965401424926,0.9395871082343102,73.86700520167581,37
Song 471,Artist 39,0.4335831980342309,0.5328134483040864,-9.706848268529768,0.2362865691119043,0.6872211619799153,0.665094164977576,0.1120483712102047,0.3768320817543602,160.37051075827674,62
Song 472,Artist 5,0.3705467156578345,0.1366786954832255,-2.0219835198752922,0.4661248133470947,0.769686286516533,0.6738604037999473,0.3599431433651144,0.43501563976523394,120.29587797153187,54
Song 473,Artist 22,0.655920795345694,0.24759953289054754,-4.350301508721241,0.09929789088216807,0.5427578755534649,0.2985929251033871,0.4539846049293764,0.6128340667802296,61.725748318098354,82
Song 474,Artist 29,0.48447927378916167,0.4947464948405845,-15.4431516491378,0.20713872941194117,0.7518670477579134,0.5055909443169513,0.38533077291632645,0.7814316492126092,156.35775615709247,97
Song 475,Artist 3,0.7581872388824666,0.7523439038866525,-0.4801830080241509,0.37033294824726964,0.7059787722030759,0.07629728181844692,0.08439793746775145,0.4990908655437886,177.69525664975018,23
Song 476,Artist 12,0.35418485628172813,0.6339507834791609,-6.6529920390714326,0.4434841069255268,0.33928698773365207,0.0829428645874212,0.45314788153669683,0.4592576287206146,132.71114344970968,60
Song 477,Artist 26,0.7908424165358693,0.6852647672861085,-19.79144601205194,0.3420526422764038,0.49679127190864897,0.03892613092937065,0.4072682236369842,0.946292158555587,120.44500645008848,64
Song 478,Artist 16,0.6527911487976042,0.5313510357186586,-14.89173030629561,0.14392316201176122,0.7242778097907254,0.4648120747000876,0.12123675504752646,0.10891959496895279,165.4099035653954,69
Song 479,Artist 37,0.2857004750417658,0.6541678197480185,-14.78573400160167,0.34381176939978375,0.04145106077096074,0.34085678210087766,0.0733036499297676,0.8608054955235589,174.30201476215183,98
Song 480,Artist 22,0.5108784381527207,0.39611569403319596,-18.614913874282802,0.1624292677299632,0.7272713541202469,0.4384258853313921,0.30078975889143883,0.2267697020487768,150.54442990829526,47
Song 481,Artist 29,0.8476386054597177,0.5231643334269985,-0.80346963848142,0.3648460303129929,0.16009931164412108,0.4168585524067103,0.12021611510298962,0.7680364847775764,113.45435156811455,61
Song 482,Artist 14,0.8922201738488637,0.7698511590354601,-10.434894108481526,0.47793590124081947,0.4632152554092951,0.2801623928725842,0.42556592866787246,0.6252418258693533,131.06656791977287,99
Song 483,Artist 28,0.5492750917391099,0.8846495010758091,-2.083708052562361,0.36626885653101837,0.7274478956003438,0.5419787318587783,0.2112505955022532,0.3905701926733783,144.11224380215992,95
Song 484,Artist 5,0.5606277335668052,0.49028980056075,-13.555689931107434,0.4341826413979579,0.22843897034102537,0.6068015047331126,0.46080160013145893,0.8427937121928656,83.31282852021617,88
Song 485,Artist 47,0.8888410437044758,0.13929549193662508,-17.49532859134346,0.021009844724424038,0.2212266953755377,0.011702607102140572,0.3045596774634526,0.11097114378384318,113.66412386597257,20
Song 486,Artist 49,0.6403011681024254,0.2455052897321224,-10.513277801875722,0.36443461987116527,0.3624879586160267,0.16579383981510265,0.13220257290785067,0.29268705426368513,159.5785517660742,58
Song 487,Artist 30,0.22463500268257877,0.1187750253623843,-17.720867305713657,0.41820202729532013,0.8051785178198712,0.5705886944666695,0.11281949031191005,0.5818588768121056,138.56704181981317,36
Song 488,Artist 46,0.8845620971593466,0.6879367173135971,-10.279689940449202,0.039468194021447085,0.0003985032934870958,0.30929613810706735,0.30941259690098927,0.3988109210422433,109.3444880654225,54
Song 489,Artist 5,0.3861698320678639,0.39908316281959805,-1.5940563756118453,0.4383669090983507,0.8112447869777415,0.5299871575532865,0.39284762533809975,0.6188208710205785,139.60350408176177,65
Song 490,Artist 12,0.6332239655686605,0.5882307721474308,-9.584637163315746,0.143213229588822,0.13842632217744702,0.2775701277876467,0.401677541483982,0.1204936643973668,74.18668944869519,61
Song 491,Artist 16,0.3241349880709804,0.5439491621054197,-7.670005462098331,0.3393402089494665,0.8910777384607339,0.31260412186370967,0.17409083199857658,0.19899009090945566,108.17971326778516,58
Song 492,Artist 26,0.22540937018494625,0.17337384059718403,-16.867231260523834,0.4041703419312352,0.8593622937346213,0.12694309895174793,0.14191104151047537,0.20803180418567335,155.17542455556676,68
Song 493,Artist 26,0.43360487834956807,0.4629352250114486,-19.12528748240061,0.3380789662684906,0.445207670632155,0.20658481573292803,0.05754033702157209,0.260891099028608,86.46105445639776,81
Song 494,Artist 48,0.7853717806595657,0.298505012430091,-17.78384075640386,0.06429670019516347,0.46144822303136535,0.48432940600606983,0.35563961804052624,0.49043172468046137,82.31538090689013,57
Song 495,Artist 21,0.4081903794720636,0.47655980980088747,-8.029368486312688,0.30623432905297676,0.43339440624826886,0.34653048905213313,0.08445571629509255,0.7393093946120355,174.09823918997176,42
Song 496,Artist 39,0.3650729105608228,0.2832204523080184,-18.099766020153908,0.28380015522662894,0.5718992810935704,0.6194421463556762,0.2393425407946666,0.869708012239566,85.18771555034769,41
Song 497,Artist 36,0.35951058825591975,0.8564071656492402,-12.480142201173772,0.4521542086756503,0.08164953201143793,0.6820679639506743,0.32075697380823326,0.8100666507416091,91.31022955802017,23
Song 498,Artist 33,0.5863802618051095,0.2567740029204283,-8.99816119083688,0.2140350702292204,0.029356153507409857,0.4333171345734079,0.47169902521385465,0.267354691009331,176.35391266852056,68
Song 499,Artist 30,0.9316559867620672,0.9647024963382793,-12.226944027403059,0.17411892660178405,0.05193263557430897,0.6066138336448473,0.1903109616300959,0.47497796939603754,148.16502843180308,78
